Id_Veicolo,brand,modello,prezzo_proposto,id_vendita,data_consegna,v_id_pagamento,prezzo_pagato
137FA90361E675607,Chevrolet,"Suburban 2500",NULL,NULL,NULL,NULL,NULL
137ZA84341E765890,Toyota,Highlander,4639000.40,800000,2024-06-19,700000,8974282.720000
19UUA566X1A746122,Hummer,H1,152950.68,800001,2024-07-16,700001,409431.172800
19UUA65595A031059,Jeep,"Grand Cherokee",NULL,NULL,NULL,NULL,NULL
19UUA66206A773792,Honda,Civic,8075692.28,800002,2024-07-04,700002,8214973.700000
19UUA66216A060741,Lexus,IS-F,NULL,NULL,NULL,NULL,NULL
19UUA66238A137161,Buick,Riviera,NULL,NULL,NULL,NULL,NULL
19UUA66257A381280,Pontiac,"Grand Prix",3908588.00,800003,2024-07-14,700003,5117908.344800
19UUA662X7A767497,Dodge,"D250 Club",NULL,NULL,NULL,NULL,NULL
19UUA76597A046054,Ford,Aspire,8825186.00,800004,2023-03-18,700004,3411989.952800
19UUA8F22CA833658,Ford,Edge,NULL,NULL,NULL,NULL,NULL
19UUA8F50DA696490,Oldsmobile,Achieva,NULL,NULL,NULL,NULL,NULL
19UUA8F52CA504890,Chevrolet,"Silverado 3500",NULL,NULL,NULL,NULL,NULL
19UUA9F2XEA484497,Lotus,Exige,6163067.39,800005,2024-01-11,700005,3381371.593200
19UUA9F58DA678034,Dodge,"Ram 2500",6425609.00,800006,2022-07-09,700006,6166994.080000
19VDE3F34DE555576,Infiniti,G37,NULL,NULL,NULL,NULL,NULL
19XFA1E33AE000387,Volvo,S80,7849253.00,800007,2022-08-03,700007,10026754.400000
19XFA1E82BE721054,Mitsubishi,Galant,NULL,NULL,NULL,NULL,NULL
19XFA1F38AE124668,Lamborghini,Countach,3396582.85,800008,2024-06-10,700008,10455186.500000
19XFA1F39AE514114,Kia,Optima,3420827.00,800009,2023-11-12,700009,7890539.100000
19XFB2F54FE126025,BMW,525,NULL,NULL,NULL,NULL,NULL
19XFB2F56FE463392,Lexus,"LS Hybrid",7450457.09,800010,2023-10-09,700010,3449934.300000
1B3AZ6JZ2AV049443,Toyota,Tundra,NULL,NULL,NULL,NULL,NULL
1B3CB1HA7AD246453,Lexus,SC,7315775.49,800011,2022-11-13,700011,6186845.700000
1B3CB7HB0AD097606,Pontiac,1000,1489038.65,800012,2023-05-06,700012,7396918.791800
1B3CB7HB8AD357847,Audi,riolet,8696688.00,800013,2023-10-07,700013,6119347.520000
1C3BCBEB4EN648767,Mitsubishi,Pajero,7949226.00,800014,2024-01-24,700014,4458191.920000
1C3BCBGG7CN000779,Chrysler,"PT Cruiser",3029652.83,800015,2024-11-07,700015,2114894.046200
1C3CC5FB0AN642706,"Land Rover","Range Rover Evoque",4848272.94,800016,2022-10-26,700016,1425581.029600
1C3CCBBB0DN832563,GMC,"Savana 2500",9964519.00,800017,2023-11-28,700017,952721.598400
1C3CCBBB2DN501421,Dodge,"Ram Van 1500",NULL,NULL,NULL,NULL,NULL
1C3CDFCA3DD316231,Nissan,Frontier,1269993.19,800018,2024-01-05,700018,4785340.560000
1C3CDFEBXFD350577,Chevrolet,"G-Series G30",5610357.56,800019,2024-07-04,700019,6380899.558800
1C3CDZAB5DN954083,Geo,Tracker,9844292.00,800020,2023-11-14,700020,5986340.880000
1C4AJWAG1FL903720,Chevrolet,Tahoe,6644103.00,800021,2024-10-23,700021,3415078.375400
1C4AJWAG6FL807663,Mercedes-Benz,E-Class,NULL,NULL,NULL,NULL,NULL
1C4AJWAG9EL709676,Audi,S6,2258389.11,800022,2024-09-04,700022,1870329.406400
1C4NJCBA2ED018798,"Aston Martin",DBS,6336685.00,800023,2024-08-05,700023,10852773.520000
1C4NJCBA5FD005433,GMC,"Suburban 2500",5143712.00,800024,2024-01-22,700024,7181187.668000
1C4NJPBA3CD041754,Chevrolet,"Monte Carlo",NULL,NULL,NULL,NULL,NULL
1C4NJPBAXCD960361,Mitsubishi,"Mighty Max",5722476.58,800025,2023-09-30,700025,9308071.740000
1C4PJLAB5FW426446,Mitsubishi,"Mighty Max",7005986.34,800026,2023-12-19,700026,10270865.240000
1C4RDHAG1EC861960,Chevrolet,"Suburban 1500",NULL,NULL,NULL,NULL,NULL
1C4RDHEG9CC785542,Mercedes-Benz,S-Class,NULL,NULL,NULL,NULL,NULL
1C4SDJCT1CC221912,Ford,Mustang,2108995.58,800027,2023-12-19,700027,255942.242400
1C6RD7PT5CS546927,Volvo,S60,5482564.00,800028,2024-08-28,700028,4063201.292800
1D4PT5GK9BW212280,Chevrolet,Classic,NULL,NULL,NULL,NULL,NULL
1D4PU2GK7AW457069,Ford,"Econoline E150",NULL,NULL,NULL,NULL,NULL
1D4PU2GK8BW222388,Toyota,RAV4,559069.62,800029,2023-07-04,700029,5780806.720000
1D4RD2GG8BC854832,Mercedes-Benz,Sprinter,975908.84,800030,2022-10-11,700030,2390880.242400
1D7CE3BK8AS148097,Mazda,B-Series,NULL,NULL,NULL,NULL,NULL
1D7CW3GK6AS309973,Lincoln,LS,533800.08,800031,2022-08-27,700031,4718676.560000
1D7CW3GKXAS673183,Toyota,Sienna,NULL,NULL,NULL,NULL,NULL
1D7RB1CPXAS587139,Chevrolet,"Express 1500",9792072.00,800032,2022-09-05,700032,8816715.520000
1D7RB1CT4AS385622,Volkswagen,Jetta,1113221.08,800033,2024-07-10,700033,9470550.960000
1D7RB1GP7AS311415,Nissan,Sentra,NULL,NULL,NULL,NULL,NULL
1D7RE5GK5BS166637,Ford,E250,NULL,NULL,NULL,NULL,NULL
1D7RV1CP5BS933770,Dodge,Spirit,NULL,NULL,NULL,NULL,NULL
1D7RV1GT7BS993167,Acura,Integra,NULL,NULL,NULL,NULL,NULL
1D7RW2BK7AS840255,Toyota,Supra,2662416.98,800034,2022-07-12,700034,6531694.000000
1D7RW3GK0BS221318,GMC,Savana,NULL,NULL,NULL,NULL,NULL
1D7RW3GK7AS196657,Buick,"Park Avenue",1851164.00,800035,2024-08-08,700035,1188490.160000
1FA6P0G73E5364938,GMC,Envoy,NULL,NULL,NULL,NULL,NULL
1FADP3E27DL850744,Toyota,Highlander,7176991.00,800036,2022-08-02,700036,138144.357600
1FADP5AU3DL398472,BMW,"7 Series",NULL,NULL,NULL,NULL,NULL
1FAHP3E2XCL695638,Hyundai,"Santa Fe",NULL,NULL,NULL,NULL,NULL
1FBAX2CM4FK354144,GMC,"Suburban 2500",NULL,NULL,NULL,NULL,NULL
1FBNE3BL2DD156041,Mazda,626,NULL,NULL,NULL,NULL,NULL
1FMCU0E70AK344532,Mazda,CX-7,NULL,NULL,NULL,NULL,NULL
1FMEU5BE2AU021175,Audi,"RS 4",296825.60,800037,2023-05-19,700037,7910595.277800
1FMJK1F56BE701003,Mitsubishi,Starion,NULL,NULL,NULL,NULL,NULL
1FMJK1F58AE829886,Buick,Rainier,4533588.00,800038,2024-05-11,700038,5637492.588000
1FMJK1FT2FE970197,Isuzu,Amigo,4768141.00,800039,2022-09-16,700039,1974200.186400
1FMJK1H59BE019830,BMW,"3 Series",NULL,NULL,NULL,NULL,NULL
1FMJK1HT2FE492246,Honda,CR-V,NULL,NULL,NULL,NULL,NULL
1FMJK2A58AE891947,Ford,F150,NULL,NULL,NULL,NULL,NULL
1FMJU1H51AE944207,Hummer,H2,NULL,NULL,NULL,NULL,NULL
1FMJU1J53AE660281,Mazda,MX-5,5053585.09,800040,2022-11-17,700040,5908147.710400
1FMNE1BW4AD275131,Mercedes-Benz,S-Class,NULL,NULL,NULL,NULL,NULL
1FT7W2A68EE175714,Plymouth,Prowler,1039112.78,800041,2023-09-05,700041,9522914.960000
1FT7W2A69EE029869,Chevrolet,Express,NULL,NULL,NULL,NULL,NULL
1FTEW1C80AF469287,Dodge,Viper,3917671.00,800042,2023-05-18,700042,4152070.093600
1FTEW1C81AK491211,Porsche,911,NULL,NULL,NULL,NULL,NULL
1FTEW1C83AK412721,Porsche,928,5827711.37,800043,2023-03-28,700043,10054345.923000
1FTEW1C83FK843843,Chrysler,Cirrus,8971733.00,800044,2024-01-11,700044,2760216.056000
1FTEW1CM6CF173111,Isuzu,Amigo,1525207.45,800045,2024-08-07,700045,6098270.880000
1FTEW1CM8DF164671,Lexus,LX,7824332.00,800046,2024-05-19,700046,8527688.296800
1FTEW1E89AK084265,Mitsubishi,Starion,1767990.96,800047,2024-08-27,700047,1056609.035600
1FTEX1CM8BF263680,Chevrolet,Aveo,NULL,NULL,NULL,NULL,NULL
1FTEX1E83AF043958,BMW,M,NULL,NULL,NULL,NULL,NULL
1FTEX1EW4AK395484,Kia,Soul,NULL,NULL,NULL,NULL,NULL
1FTFW1E80AK496661,Lincoln,"Town Car",5610538.00,800048,2024-04-14,700048,8091803.378400
1FTMF1EW1AF601271,Ford,Mustang,NULL,NULL,NULL,NULL,NULL
1FTMF1EW2AF789931,Pontiac,Sunbird,NULL,NULL,NULL,NULL,NULL
1FTMF1EW6AF154209,Chevrolet,"HHR Panel",519075.13,800049,2023-10-11,700049,10021984.020000
1FTNF1E87AK124925,Chevrolet,"G-Series G10",2362906.59,800050,2023-09-01,700050,9243358.060000
1FTNF2B57AE959342,Toyota,Yaris,NULL,NULL,NULL,NULL,NULL
1FTSF3A54AE423328,Lexus,LX,7236564.51,800051,2024-03-13,700051,161034.900400
1FTSW2A55AE246377,Ford,Expedition,NULL,NULL,NULL,NULL,NULL
1FTSW2B53AE021793,Buick,Rendezvous,2397797.79,800052,2024-12-09,700052,642530.720000
1FTSW3A53AE527289,Oldsmobile,Alero,NULL,NULL,NULL,NULL,NULL
1FTSW3A58AE877792,BMW,525,6053594.00,800053,2024-09-06,700053,8328974.160000
1FTSW3B56AE324184,GMC,"Yukon XL",6052544.92,800054,2023-03-28,700054,2072971.680000
1FTSX2A50AE171083,Saab,9-3,NULL,NULL,NULL,NULL,NULL
1FTSX2A59AE046518,Jeep,Cherokee,NULL,NULL,NULL,NULL,NULL
1FTWW3A51AE216817,Acura,CL,7115335.00,800055,2023-06-10,700055,5175283.505600
1FTWW3A57AE969459,Ford,F-Series,7017308.76,800056,2024-03-04,700056,6868262.975000
1FTWW3B57AE202242,Ford,Freestar,4861804.00,800057,2024-08-28,700057,9639054.287400
1FTWX3A5XAE280657,Lincoln,Continental,NULL,NULL,NULL,NULL,NULL
1G4CU541024800841,Mazda,RX-7,8798438.00,800058,2024-11-27,700058,8081511.360000
1G4GA5EC6BF079519,Cadillac,DTS,NULL,NULL,NULL,NULL,NULL
1G4GB5ER1CF699942,GMC,Yukon,NULL,NULL,NULL,NULL,NULL
1G4GB5GR1FF490430,Volvo,S40,8300762.64,800059,2023-07-01,700059,2706978.956200
1G4GC5ER7DF797971,Dodge,Caravan,3712113.98,800060,2022-06-14,700060,3926541.940000
1G4GD5G34FF608461,Mazda,MX-5,8637540.00,800061,2024-01-11,700061,3488644.640000
1G4GE5E3XCF416988,Isuzu,Trooper,NULL,NULL,NULL,NULL,NULL
1G4GE5G30EF382124,Honda,Fit,3959299.00,800062,2022-07-15,700062,5288015.580000
1G4GE5GD3BF022527,Pontiac,1000,NULL,NULL,NULL,NULL,NULL
1G4GF5E35DF234100,Hyundai,Sonata,1943513.06,800063,2023-03-23,700063,4639557.520000
1G4GJ5G39DF908244,Infiniti,G,NULL,NULL,NULL,NULL,NULL
1G4HJ5EM6AU089524,Tesla,Roadster,3895006.00,800064,2024-12-18,700064,10652461.720000
1G4HP52K234335957,Chevrolet,Cobalt,NULL,NULL,NULL,NULL,NULL
1G4HP54K454944497,Oldsmobile,88,1451343.00,800065,2022-10-10,700065,11956697.840000
1G4PP5SK6D4158889,Porsche,Boxster,8991043.00,800066,2024-06-21,700066,4495359.839600
1G4PR5SK7F4170336,BMW,"1 Series",NULL,NULL,NULL,NULL,NULL
1G4PR5SK9C4883296,Honda,Accord,NULL,NULL,NULL,NULL,NULL
1G6AA5RA6E0217203,"Aston Martin",DBS,58548.84,800067,2023-11-19,700067,2593233.510400
1G6AA5RA9E0857213,Cadillac,SRX,NULL,NULL,NULL,NULL,NULL
1G6AA5RX8D0696761,"Land Rover","Range Rover Sport",NULL,NULL,NULL,NULL,NULL
1G6AB5RA6F0121697,Saturn,S-Series,NULL,NULL,NULL,NULL,NULL
1G6AB5RX1F0709687,Hyundai,Elantra,NULL,NULL,NULL,NULL,NULL
1G6AB5SA4D0958407,Lexus,IS,1505726.97,800068,2022-08-04,700068,2058355.530400
1G6AB5SA5E0348081,Porsche,914,NULL,NULL,NULL,NULL,NULL
1G6AC5SX6F0500758,Buick,Century,NULL,NULL,NULL,NULL,NULL
1G6AF5S35D0253542,Acura,SLX,7991819.55,800069,2022-07-31,700069,1236128.129600
1G6AG5RX3D0651032,Subaru,Forester,NULL,NULL,NULL,NULL,NULL
1G6AL5SX5E0250752,Toyota,Xtra,812012.98,800070,2024-01-25,700070,4929236.028000
1G6AX5SX0F0456115,Mercury,Montego,NULL,NULL,NULL,NULL,NULL
1G6AY5S34E0064344,Saturn,Relay,5034327.05,800071,2024-11-22,700071,1762631.429200
1G6AY5S37F0237744,Suzuki,Esteem,3290137.00,800072,2024-01-04,700072,2691385.288800
1G6AZ5S3XE0226104,"Land Rover",Discovery,NULL,NULL,NULL,NULL,NULL
1G6D25EY3B0996326,Infiniti,G,NULL,NULL,NULL,NULL,NULL
1G6DA1ED9B0905195,Volkswagen,CC,NULL,NULL,NULL,NULL,NULL
1G6DA5EG0A0661811,Nissan,Rogue,NULL,NULL,NULL,NULL,NULL
1G6DA67V080901953,Buick,Lucerne,NULL,NULL,NULL,NULL,NULL
1G6DA67V490163477,Volvo,XC90,3818237.23,800073,2023-11-16,700073,5716116.007800
1G6DA8E57C0914626,Chrysler,"Fifth Ave",NULL,NULL,NULL,NULL,NULL
1G6DF5EY3B0111174,Chevrolet,Impala,941000.00,800074,2024-04-25,700074,10379543.200000
1G6DF8EY5B0584365,Mitsubishi,Galant,NULL,NULL,NULL,NULL,NULL
1G6DH8EY0B0005633,Lincoln,Navigator,1257970.42,800075,2024-05-10,700075,9319328.253000
1G6DH8EY9B0981586,Chevrolet,Cobalt,NULL,NULL,NULL,NULL,NULL
1G6DJ8E36D0786704,Chrysler,"New Yorker",NULL,NULL,NULL,NULL,NULL
1G6DJ8EY3B0283589,Hyundai,Genesis,NULL,NULL,NULL,NULL,NULL
1G6DK1E36D0256544,Buick,Reatta,74640.51,800076,2023-10-18,700076,2986476.003000
1G6DK1ED3B0968998,Dodge,"Ram 3500",NULL,NULL,NULL,NULL,NULL
1G6DK8EG8A0416804,Chevrolet,"Silverado 2500",NULL,NULL,NULL,NULL,NULL
1G6DL1E33D0952825,Ford,Aerostar,6832220.00,800077,2022-12-21,700077,5561555.168000
1G6DL67A190367743,Dodge,"Viper RT/10",3916331.48,800078,2024-02-16,700078,3469973.998400
1G6DL67A980578879,GMC,Terrain,NULL,NULL,NULL,NULL,NULL
1G6DM1E37D0289451,Volvo,V50,NULL,NULL,NULL,NULL,NULL
1G6DM577680352777,Mazda,"B-Series Plus",NULL,NULL,NULL,NULL,NULL
1G6DN57S140180590,Toyota,Corolla,9433049.00,800079,2024-08-27,700079,3086776.097600
1G6DN8EV8A0928634,Jaguar,"XK Series",7314926.00,800080,2023-06-02,700080,4476830.800000
1G6DN8EV9A0927461,GMC,Sonoma,NULL,NULL,NULL,NULL,NULL
1G6DP57V080888601,Mazda,"Miata MX-5",3930320.69,800081,2022-08-06,700081,5052119.564200
1G6DP8E39D0469207,Plymouth,"Grand Voyager",2761199.64,800082,2024-06-28,700082,8127810.226600
1G6DS1E33C0834548,Volkswagen,GTI,4343032.95,800083,2024-07-01,700083,2032608.523200
1G6DS5E39D0543450,Volkswagen,Touareg,NULL,NULL,NULL,NULL,NULL
1G6DT57V180050749,Lincoln,MKZ,NULL,NULL,NULL,NULL,NULL
1G6DV5EP9D0806272,Bentley,"Continental GT",1380202.59,800084,2024-09-23,700084,809237.980400
1G6DV8EP4D0887506,Honda,Accord,NULL,NULL,NULL,NULL,NULL
1G6DX67D780035657,Mitsubishi,Diamante,NULL,NULL,NULL,NULL,NULL
1G6DX67D880612874,Ford,Explorer,NULL,NULL,NULL,NULL,NULL
1G6DX67DX90587851,Plymouth,Roadrunner,1067340.00,800085,2022-08-15,700085,6569865.120000
1G6KD54Y55U047960,Volkswagen,Cabriolet,NULL,NULL,NULL,NULL,NULL
1G6KD57Y14U991765,GMC,"Sierra 3500",5002433.16,800086,2024-11-04,700086,9177757.440000
1G6KD57Y99U750947,Chevrolet,Beretta,2845236.87,800087,2022-12-16,700087,4184848.720000
1G6KD57YX9U758376,Dodge,"Ram Wagon B350",NULL,NULL,NULL,NULL,NULL
1G6KD5EY7AU425236,Porsche,911,8961747.00,800088,2024-09-05,700088,9295908.340000
1G6KF54984U288574,Suzuki,Forenza,NULL,NULL,NULL,NULL,NULL
1G6KF579X5U939541,Mazda,Mazda3,9519650.00,800089,2024-11-08,700089,9566141.520000
1G6KH5EY5AU757440,Mercedes-Benz,SLK-Class,NULL,NULL,NULL,NULL,NULL
1G6KY54903U300726,Hyundai,Tiburon,NULL,NULL,NULL,NULL,NULL
1G6YV36A665186745,GMC,"Savana 2500",1262987.84,800090,2023-12-25,700090,5704823.280000
1GD11XEG5FF082132,Mazda,MPV,NULL,NULL,NULL,NULL,NULL
1GD11ZCG1BF455952,Dodge,Viper,NULL,NULL,NULL,NULL,NULL
1GD12YEG2FF638562,Buick,LeSabre,193108.69,800091,2022-06-29,700091,2805288.096000
1GD21XEG2FZ306010,Cadillac,DeVille,NULL,NULL,NULL,NULL,NULL
1GD21ZCG0BZ203323,Chevrolet,Metro,NULL,NULL,NULL,NULL,NULL
1GD22XEG7FZ669030,Ford,"E-350 Super Duty Van",4260688.68,800092,2023-04-18,700092,7189964.256800
1GKS2FEJ5CR221606,Ford,Taurus,9603426.00,800093,2024-10-07,700093,2871180.166400
1GKS2GEJ0BR321391,Buick,Riviera,1897096.46,800094,2024-01-06,700094,3706073.092600
1GKS2GEJ4CR215477,Saab,9-5,6789262.47,800095,2024-12-02,700095,241250.449400
1GKS2GEJ9CR731303,Lotus,Elan,9637759.00,800096,2023-03-07,700096,11107792.560000
1GKUCHE07AR064585,Toyota,Camry,9990461.00,800097,2024-07-14,700097,340912.332800
1GT01XEG2FZ694240,Volkswagen,GTI,NULL,NULL,NULL,NULL,NULL
1GT01XEGXFZ519864,Cadillac,CTS,NULL,NULL,NULL,NULL,NULL
1GT01ZCGXCF461847,Austin,Mini,NULL,NULL,NULL,NULL,NULL
1GTC5LF98B8414699,Mitsubishi,Mirage,7396304.80,800098,2023-02-28,700098,1570875.092800
1GTN1TEH2FZ044041,Chevrolet,"Suburban 2500",NULL,NULL,NULL,NULL,NULL
1GTN1TEXXBZ168737,Chevrolet,Malibu,NULL,NULL,NULL,NULL,NULL
1GTN1UEH1EZ335795,Honda,CR-X,5534882.00,800099,2024-11-20,700099,1440535.288600
1GYEC63858R779088,Lotus,Exige,NULL,NULL,NULL,NULL,NULL
1GYEE637760651874,Subaru,"Alcyone SVX",6558240.36,800100,2023-01-15,700100,5583605.720000
1GYFC23219R024854,Toyota,Tundra,NULL,NULL,NULL,NULL,NULL
1GYFC56299R151946,Chevrolet,"Suburban 2500",6879825.50,800101,2024-06-03,700101,1029928.026400
1GYFK16229R228930,Volvo,S60,NULL,NULL,NULL,NULL,NULL
1GYFK43539R628706,Porsche,Boxster,8990160.00,800102,2024-05-23,700102,5582217.336800
1GYS3AKJ2FR665282,Hyundai,Accent,7364162.17,800103,2024-10-05,700103,7000693.352800
1GYS3CEF4BR222757,Pontiac,Bonneville,3191188.36,800104,2022-12-12,700104,2342079.457200
1GYS3DEF6ER561255,Chevrolet,Venture,8898746.00,800105,2024-04-20,700105,9395685.520000
1GYS3GEF0DR400805,Volvo,S40,1997275.37,800106,2022-10-08,700106,7205369.600000
1GYS3HKJ3FR863765,Cadillac,STS,9859439.00,800107,2024-05-30,700107,2777465.310200
1GYS3JKJ1FR525031,Lexus,GX,NULL,NULL,NULL,NULL,NULL
1GYS3KEF6DR579290,Ford,F350,NULL,NULL,NULL,NULL,NULL
1GYS4AEF4ER129453,Chevrolet,Corvette,NULL,NULL,NULL,NULL,NULL
1GYS4AEFXER131420,Nissan,Xterra,NULL,NULL,NULL,NULL,NULL
1GYS4AKJXFR621138,Honda,Accord,1914885.01,800108,2024-12-17,700108,10216139.440000
1GYS4BKJ9FR820607,Chevrolet,Equinox,2773568.00,800109,2023-10-19,700109,915283.198600
1GYS4DEF7DR217123,Daewoo,Nubira,NULL,NULL,NULL,NULL,NULL
1GYS4NKJ6FR330255,Dodge,Dakota,9648844.00,800110,2024-08-28,700110,10358619.440000
1GYS4TKJ8FR439241,Ford,F250,NULL,NULL,NULL,NULL,NULL
1GYUKFEJ9AR730108,Audi,Allroad,NULL,NULL,NULL,NULL,NULL
1GYUKKEF4AR354339,Chevrolet,HHR,2501796.91,800111,2024-12-30,700111,10163077.600000
1HGCP2E47AA234410,Mitsubishi,Precis,NULL,NULL,NULL,NULL,NULL
1J4NF1GB9BD533505,Volkswagen,Golf,NULL,NULL,NULL,NULL,NULL
1J4PR4GK7AC554424,Toyota,"FJ Cruiser",8363148.11,800112,2023-02-21,700112,10966670.280000
1J4RR4GG6BC912957,Hyundai,Veracruz,8712586.00,800113,2022-11-05,700113,1688389.008800
1LNHL9DR3BG909556,Lincoln,"Town Car",NULL,NULL,NULL,NULL,NULL
1N4AA5APXBC124049,Dodge,"Ram 1500 Club",9191880.00,800114,2023-12-26,700114,7991086.412600
1N4AB7AP4EN886441,Mercury,Marquis,7268849.00,800115,2023-09-16,700115,7470774.688000
1N4AL2AP5AC284704,Mercedes-Benz,SL-Class,NULL,NULL,NULL,NULL,NULL
1N4AL2AP9BN559237,Ford,Ranger,5828014.24,800116,2024-09-22,700116,11486709.920000
1N4AL3AP0DC124904,Chevrolet,"Express 1500",3779647.78,800117,2023-09-17,700117,3196191.440000
1N4AL3AP1EC713008,Hyundai,Sonata,NULL,NULL,NULL,NULL,NULL
1N4AL3AP5DC696261,Pontiac,Chevette,NULL,NULL,NULL,NULL,NULL
1N4AL3AP5DC719294,Nissan,Altima,NULL,NULL,NULL,NULL,NULL
1N6AA0CA0CN186861,Geo,Metro,9085221.00,800118,2023-08-23,700118,3566485.114400
1N6AA0CA5DN381548,Pontiac,"Grand Prix",NULL,NULL,NULL,NULL,NULL
1N6AA0CC4CN697149,BMW,"3 Series",NULL,NULL,NULL,NULL,NULL
1N6AA0CC6CN735660,Ford,Ranger,NULL,NULL,NULL,NULL,NULL
1N6AA0CH1EN944979,Mercedes-Benz,E-Class,3581773.60,800119,2022-12-06,700119,10475582.460000
1N6AA0CH1FN392353,Toyota,4Runner,NULL,NULL,NULL,NULL,NULL
1N6AA0CH2FN812489,Chevrolet,Prizm,NULL,NULL,NULL,NULL,NULL
1N6AA0CJ2EN592594,Mercedes-Benz,R-Class,NULL,NULL,NULL,NULL,NULL
1N6AA0CJ4DN487263,Nissan,200SX,3550169.13,800120,2023-06-21,700120,4173805.792000
1N6AA0CJ7DN220022,Mercedes-Benz,S-Class,NULL,NULL,NULL,NULL,NULL
1N6AA0CJ7DN535161,Nissan,GT-R,NULL,NULL,NULL,NULL,NULL
1N6AA0CJ7EN320591,Mazda,"B-Series Plus",NULL,NULL,NULL,NULL,NULL
1N6AA0CJ8DN050818,Jeep,"Grand Cherokee",NULL,NULL,NULL,NULL,NULL
1N6AA0CJ8DN353226,Chevrolet,"Silverado 3500",NULL,NULL,NULL,NULL,NULL
1N6AA0EC3FN259420,Chevrolet,"Suburban 2500",NULL,NULL,NULL,NULL,NULL
1N6AA0EC5FN531126,Pontiac,Bonneville,NULL,NULL,NULL,NULL,NULL
1N6AD0CU3EN237967,Chrysler,"PT Cruiser",2896240.00,800121,2024-09-07,700121,3671453.677200
1N6AD0CUXEN900726,Nissan,Maxima,NULL,NULL,NULL,NULL,NULL
1N6AD0CW9FN014819,Chevrolet,Venture,NULL,NULL,NULL,NULL,NULL
1N6AF0LY8FN776650,Chevrolet,"G-Series 1500",405797.18,800122,2023-04-26,700122,5351947.240000
1N6BF0KL3FN743131,Mercury,Sable,NULL,NULL,NULL,NULL,NULL
1N6BF0KX2FN983628,Scion,xB,NULL,NULL,NULL,NULL,NULL
1VWAH7A38DC089591,Infiniti,QX,NULL,NULL,NULL,NULL,NULL
1VWAH7A38DC923911,Plymouth,Voyager,NULL,NULL,NULL,NULL,NULL
1VWAH7A39EC308883,Chevrolet,Avalanche,394005.56,800123,2023-05-11,700123,3956553.940000
1YVHZ8BH4A5283592,Maybach,Landaulet,4251108.45,800124,2024-10-01,700124,10211927.418200
1ZVBP8AMXE5734706,Pontiac,Firefly,8336215.00,800125,2023-01-19,700125,1383267.720000
1ZVBP8ANXA5745319,Nissan,Cube,773453.91,800126,2024-10-07,700126,8169790.720000
1ZVBP8JZ2E5451986,Pontiac,Sunbird,7908399.35,800127,2023-12-07,700127,6896289.920000
2B3CA5CT8AH379423,Ford,E-Series,NULL,NULL,NULL,NULL,NULL
2B3CA9CV4AH675144,Acura,CL,3338231.78,800128,2024-11-02,700128,4176486.524200
2B3CJ5DT7AH924462,Hummer,H1,NULL,NULL,NULL,NULL,NULL
2B3CJ7DW7AH554779,Chrysler,Sebring,4120039.25,800129,2025-01-15,700129,10351769.540000
2B3CL5CT1BH952335,Chrysler,Cirrus,NULL,NULL,NULL,NULL,NULL
2B3CM5CT8BH198301,Hyundai,Veloster,1139067.37,800130,2024-08-06,700130,4812376.229600
2C3CA5CV3AH273787,Chevrolet,"Express 1500",NULL,NULL,NULL,NULL,NULL
2C3CCAAG6DH551514,Cadillac,DeVille,5604503.48,800131,2022-09-08,700131,2085973.864000
2C3CCACG6CH030093,Saturn,L-Series,5100576.00,800132,2022-08-06,700132,12154192.660000
2C3CCAEG3DH893660,Suzuki,SX4,6396467.13,800133,2024-05-04,700133,11371103.940000
2C3CCAJT0CH785840,Dodge,"Ram 3500",NULL,NULL,NULL,NULL,NULL
2C3CCARG5FH232497,Chevrolet,Corvette,NULL,NULL,NULL,NULL,NULL
2C3CCAST8CH082341,Mitsubishi,Outlander,NULL,NULL,NULL,NULL,NULL
2C3CDXCT9CH407559,Mitsubishi,Starion,4796138.40,800134,2022-09-19,700134,1176738.253600
2C3CDXCT9CH673745,Chevrolet,Corvette,NULL,NULL,NULL,NULL,NULL
2C3CDXJG9FH684951,Mazda,MX-5,NULL,NULL,NULL,NULL,NULL
2C3CDZBT6FH095931,Subaru,Outback,7579883.86,800135,2024-01-13,700135,11855478.100000
2C3CDZBTXFH757560,Hyundai,Elantra,NULL,NULL,NULL,NULL,NULL
2C4RDGDG7FR998187,GMC,"Suburban 1500",NULL,NULL,NULL,NULL,NULL
2C4RDGEG4CR747170,BMW,Z3,5109834.35,800136,2023-03-01,700136,4958690.512400
2C4RDGEG5FR429272,Toyota,TundraMax,481755.00,800137,2023-05-22,700137,5735165.280000
2D4RN7DG2BR391818,Volkswagen,Scirocco,2862033.92,800138,2022-11-02,700138,6082912.160000
2FMGK5D80FB455243,Mercedes-Benz,M-Class,NULL,NULL,NULL,NULL,NULL
2FMPK4J96FB259993,Lamborghini,Diablo,NULL,NULL,NULL,NULL,NULL
2G4G15GV0B9736113,Mazda,B-Series,NULL,NULL,NULL,NULL,NULL
2G4GL5EX3F9715518,BMW,"8 Series",NULL,NULL,NULL,NULL,NULL
2G4GS5EKXC9898791,Cadillac,Escalade,7874614.28,800139,2023-03-24,700139,10149005.360000
2G4GU5GV6C9953268,Honda,Odyssey,NULL,NULL,NULL,NULL,NULL
2G4GX5GV0B9223250,Kia,Rio,2431660.48,800140,2022-11-10,700140,6966170.720000
2G4WB55K211875450,Nissan,NV2500,NULL,NULL,NULL,NULL,NULL
2G4WB55K511641593,Dodge,Caravan,NULL,NULL,NULL,NULL,NULL
2G4WB55KX41948150,Toyota,Yaris,NULL,NULL,NULL,NULL,NULL
2G4WC582081194447,Volkswagen,Corrado,NULL,NULL,NULL,NULL,NULL
2G4WC582361989893,Chevrolet,"Express 3500",NULL,NULL,NULL,NULL,NULL
2G4WD532X51084053,Chevrolet,"G-Series G10",500489.16,800141,2023-03-25,700141,7389233.280000
2G4WF551511174509,GMC,Yukon,8605838.00,800142,2024-07-19,700142,1450937.540000
2G4WS52J821508484,Smart,Fortwo,5213698.01,800143,2022-07-03,700143,3251849.120000
2G4WS52JX31508004,Ford,Ranger,9913051.00,800144,2024-03-25,700144,5739013.280000
2G4WS55J051291559,Suzuki,Aerio,NULL,NULL,NULL,NULL,NULL
2G61L5S38E9904209,Lincoln,"Navigator L",5019813.00,800145,2022-07-17,700145,8080440.640000
2G61M5S32F9260107,Lexus,ES,NULL,NULL,NULL,NULL,NULL
2G61V5S86E9312314,Kia,Rio,1202335.40,800146,2023-04-06,700146,2923986.187200
2G61W5S89E9182784,Audi,Q7,4756006.00,800147,2023-01-02,700147,9067056.960000
2HNYD18401H749778,Lincoln,Navigator,NULL,NULL,NULL,NULL,NULL
2HNYD18694H097457,Audi,"RS 4",NULL,NULL,NULL,NULL,NULL
2HNYD18754H349486,Plymouth,Fury,3530364.00,800148,2023-03-07,700148,1381595.539200
2HNYD18765H282057,Porsche,911,NULL,NULL,NULL,NULL,NULL
2HNYD18813H929955,Saab,900,NULL,NULL,NULL,NULL,NULL
2HNYD284X7H767364,Subaru,Outback,NULL,NULL,NULL,NULL,NULL
2HNYD2H88DH620782,Lincoln,MKX,9223716.00,800149,2023-03-17,700149,5057661.440000
2T1BPRHE8EC231105,Chevrolet,1500,NULL,NULL,NULL,NULL,NULL
2T1BU4EE7DC772399,Infiniti,G,NULL,NULL,NULL,NULL,NULL
2T1BURHE6FC671091,Kia,Carens,NULL,NULL,NULL,NULL,NULL
2T1BURHEXEC130480,Volkswagen,Jetta,1025078.58,800150,2022-12-02,700150,4634313.960000
2T1KE4EE8AC398801,Ford,"Bronco II",NULL,NULL,NULL,NULL,NULL
2T2BK1BA1FC595403,GMC,"Savana 3500",NULL,NULL,NULL,NULL,NULL
2T2BK1BA9BC159389,Hyundai,Tucson,NULL,NULL,NULL,NULL,NULL
2V4RW3DGXBR652153,Toyota,Prius,7524073.14,800151,2023-11-16,700151,3764136.686800
3C3CFFCR3CT171989,Dodge,"Ram 2500 Club",NULL,NULL,NULL,NULL,NULL
3C3CFFCR8FT736466,Pontiac,"Grand Prix",5936769.00,800152,2023-10-04,700152,2578534.769800
3C3CFFCRXET920659,Hyundai,Sonata,NULL,NULL,NULL,NULL,NULL
3C3CFFER2DT963209,Kia,Forte,2587204.38,800153,2023-02-13,700153,2021088.600000
3C3CFFJH3ET362230,Acura,SLX,158360.84,800154,2024-02-06,700154,12146511.540000
3C4PDCEG8CT210203,Honda,Accord,NULL,NULL,NULL,NULL,NULL
3C4PDCGB9ET715123,Lamborghini,Murciélago,NULL,NULL,NULL,NULL,NULL
3C4PDDDG3ET586334,Chevrolet,Venture,9598135.00,800155,2023-03-06,700155,2124461.408200
3C63D3JL4CG661985,Infiniti,Q,7894810.00,800156,2022-09-19,700156,1696505.855400
3C63D3KL0CG169226,Chevrolet,"G-Series G10",8948521.00,800157,2023-09-13,700157,9240079.680000
3C63DPKL6CG038101,Toyota,Tacoma,3693308.65,800158,2024-11-16,700158,3014441.476800
3C6JD6CTXCG509764,Nissan,Maxima,NULL,NULL,NULL,NULL,NULL
3C6JD6DK7CG385569,"Aston Martin","V8 Vantage S",NULL,NULL,NULL,NULL,NULL
3C6JD7CT4CG734588,Scion,xB,6302959.00,800159,2024-09-02,700159,65262.765400
3C6JD7EP8CG289031,Chrysler,"Town & Country",7303792.00,800160,2023-02-08,700160,6286807.363800
3C6LD4BT0CG990235,Toyota,Tacoma,NULL,NULL,NULL,NULL,NULL
3C6TD4HT9CG111659,Fiat,"Nuova 500",NULL,NULL,NULL,NULL,NULL
3C6TD4MT7CG053363,Chevrolet,TrailBlazer,1123281.49,800161,2023-12-28,700161,5791045.784800
3C6TD5JT5CG478770,Hummer,"H2 SUV",NULL,NULL,NULL,NULL,NULL
3C6TD5JT7CG289330,Chrysler,Sebring,NULL,NULL,NULL,NULL,NULL
3C6TD5PT7CG006318,Subaru,Tribeca,NULL,NULL,NULL,NULL,NULL
3CZRE3H33AG472743,Mercedes-Benz,SLK-Class,NULL,NULL,NULL,NULL,NULL
3D4PG5FV1AT907728,Subaru,Tribeca,8261529.00,800162,2024-05-28,700162,6641523.840000
3D4PG6FV1AT098785,Porsche,911,NULL,NULL,NULL,NULL,NULL
3D4PG7FG4BT654208,Mitsubishi,Eclipse,4836195.00,800163,2022-08-29,700163,5356125.309600
3D73M3CL4AG501100,Mitsubishi,Eclipse,1874013.74,800164,2023-07-16,700164,10168542.998200
3D73M3CL4BG939956,Pontiac,Sunfire,NULL,NULL,NULL,NULL,NULL
3D73M4CL3AG152856,Eagle,Talon,NULL,NULL,NULL,NULL,NULL
3D73M4EL0BG763717,Pontiac,Sunbird,NULL,NULL,NULL,NULL,NULL
3D73M4EL2BG821617,Nissan,Titan,NULL,NULL,NULL,NULL,NULL
3D73M4HL7AG466776,Chevrolet,S10,NULL,NULL,NULL,NULL,NULL
3D73Y3CL1BG373825,Volkswagen,Phaeton,9484984.00,800165,2024-01-02,700165,8737453.920000
3D73Y3CLXAG030784,Suzuki,Cultus,7129194.00,800166,2023-07-01,700166,10653332.800000
3D73Y3HLXBG454234,Lexus,IS,NULL,NULL,NULL,NULL,NULL
3D73Y4CL5BG082167,Chevrolet,Vega,NULL,NULL,NULL,NULL,NULL
3D73Y4EL8AG640217,Isuzu,i-290,372799.17,800167,2024-03-03,700167,3766362.040000
3D7JB1ET6BG538665,"Land Rover",Discovery,8982510.00,800168,2024-11-25,700168,11203323.440000
3D7LP2ET7AG219094,Buick,Rainier,NULL,NULL,NULL,NULL,NULL
3D7LT2ETXAG527257,Mitsubishi,Endeavor,1581915.39,800169,2024-06-23,700169,9652304.500000
3D7TP2CT5BG109469,Audi,Q7,6483466.00,800170,2024-08-27,700170,5048799.121600
3D7TP2CT7BG106797,Ford,Probe,NULL,NULL,NULL,NULL,NULL
3D7TT2CT6AG387839,Ford,"Club Wagon",NULL,NULL,NULL,NULL,NULL
3D7TT2CT9BG936693,Chevrolet,"Suburban 2500",NULL,NULL,NULL,NULL,NULL
3FA6P0D98DR094929,Ford,F250,NULL,NULL,NULL,NULL,NULL
3FA6P0LU0FR138351,Volkswagen,GTI,NULL,NULL,NULL,NULL,NULL
3FA6P0LU4DR659523,Chevrolet,Corvette,NULL,NULL,NULL,NULL,NULL
3FADP4AJ7EM395235,Cadillac,Escalade,NULL,NULL,NULL,NULL,NULL
3FADP4AJ8CM070459,Lexus,GX,2540038.44,800171,2023-06-01,700171,5682600.185600
3FAHP0CG2BR349984,Toyota,4Runner,4971721.00,800172,2025-01-13,700172,3074776.980000
3FAHP0KC1AR422971,Mazda,MPV,NULL,NULL,NULL,NULL,NULL
3G5DB03E75S745256,Toyota,MR2,7838544.33,800173,2024-05-13,700173,8461593.040000
3GYFK66N55G408016,Mercury,Milan,NULL,NULL,NULL,NULL,NULL
3GYFNAE35CS519797,Mercury,Monterey,4917831.16,800174,2024-07-05,700174,4935487.649600
3GYFNDEY5BS683238,Jeep,Compass,NULL,NULL,NULL,NULL,NULL
3GYFNDEY7BS260483,Chevrolet,1500,3838652.10,800175,2024-01-18,700175,4369826.240000
3GYFNJE4XAS280432,Ford,Tempo,3260787.21,800176,2023-09-25,700176,4871718.800000
3GYT4NEF7BG203259,Buick,Regal,NULL,NULL,NULL,NULL,NULL
3GYVKNEF5AG473913,Mazda,B-Series,NULL,NULL,NULL,NULL,NULL
3MZBM1K74EM067005,Audi,Q5,1921527.37,800177,2022-09-28,700177,9464466.960000
3N1AB6AP9CL390264,Hyundai,Sonata,1529269.77,800178,2022-09-15,700178,9484021.970000
3N1AB7AP6FL280475,BMW,550,NULL,NULL,NULL,NULL,NULL
3N1AB7AP8FL626848,Toyota,Highlander,NULL,NULL,NULL,NULL,NULL
3N1CE2CP2EL723347,Lexus,GX,NULL,NULL,NULL,NULL,NULL
3N1CE2CP2FL363157,"Land Rover",Discovery,7061539.69,800179,2022-12-02,700179,9442922.073200
3N1CN7AP2FL062050,Hummer,H2,3787118.19,800180,2022-10-29,700180,6075819.697600
3N1CN7AP5DL509791,Ford,E150,7521136.00,800181,2022-10-18,700181,7012213.520000
3N6CM0KN1FK275417,Audi,4000,2599608.31,800182,2024-04-22,700182,2283605.542400
3TMJU4GN6AM307284,Dodge,"Ram 1500",NULL,NULL,NULL,NULL,NULL
3VW117AU0FM336522,Porsche,Cayman,NULL,NULL,NULL,NULL,NULL
3VW1K7AJ1CM653613,Mitsubishi,Precis,7042534.00,800183,2022-11-05,700183,4269081.096000
3VW1K7AJ2FM012457,Suzuki,Reno,NULL,NULL,NULL,NULL,NULL
3VW1K7AJ3DM433732,Ford,E-Series,NULL,NULL,NULL,NULL,NULL
3VW467AT5DM591170,Audi,A6,9909267.00,800184,2024-01-01,700184,2704858.340000
3VW467ATXCM439657,Isuzu,Trooper,NULL,NULL,NULL,NULL,NULL
3VW4S7AT0EM013779,Audi,4000s,NULL,NULL,NULL,NULL,NULL
3VW4S7AT7EM739865,Ford,Edge,2142297.69,800185,2023-03-26,700185,1302323.843200
3VW4T7AT2EM114447,Chevrolet,Corvette,2289362.83,800186,2023-07-08,700186,4000040.840000
3VW517AT5FM087918,Maybach,57,NULL,NULL,NULL,NULL,NULL
3VW517AT9FM747183,Lincoln,"Town Car",1732673.55,800187,2022-12-20,700187,9583746.640000
3VWAL7AJ1AM732550,BMW,X3,3646633.44,800188,2022-06-27,700188,8613964.403200
3VWC17AU4FM867411,Volvo,S40,8592994.00,800189,2023-07-13,700189,3594010.992000
3VWF17AT1FM587353,Toyota,Supra,2023798.23,800190,2023-11-20,700190,7012046.380000
3VWJP7AT8CM628047,Ford,F250,NULL,NULL,NULL,NULL,NULL
3VWJP7ATXCM504314,Subaru,Legacy,NULL,NULL,NULL,NULL,NULL
3VWKX7AJ1CM890916,"Land Rover",Freelander,NULL,NULL,NULL,NULL,NULL
3VWKX7AJ7CM966509,Geo,Prizm,NULL,NULL,NULL,NULL,NULL
3VWKZ8AJ4BM690725,Isuzu,Hombre,NULL,NULL,NULL,NULL,NULL
3VWML7AJ1DM047904,Toyota,Solara,9850204.00,800191,2024-08-02,700191,11279284.300000
3VWML7AJ2DM452914,Suzuki,Forenza,5472292.00,800192,2024-10-08,700192,1289115.401600
4A31K5DFXAE518483,Honda,CR-V,NULL,NULL,NULL,NULL,NULL
4A37L2EFXAE436757,Oldsmobile,Achieva,8253307.08,800193,2024-08-13,700193,3264374.765600
4A4AP3AU5EE815977,Suzuki,Forenza,112791.34,800194,2023-10-19,700194,11510895.200000
4JGBF2FB8AA397170,Mazda,Millenia,4949016.00,800195,2023-07-23,700195,6255938.644800
4JGCB2FE1BA961169,Lamborghini,Diablo,5391001.00,800196,2024-06-02,700196,4748324.640800
4JGDF2EE7EA427236,Pontiac,Aztek,NULL,NULL,NULL,NULL,NULL
4JGDF2EE9DA361030,Volkswagen,"Jetta III",NULL,NULL,NULL,NULL,NULL
4T1BD1FK9EU623642,Honda,Passport,NULL,NULL,NULL,NULL,NULL
4T1BF3EK3BU236006,Toyota,Celica,8195741.09,800197,2025-01-21,700197,3944200.439600
4T1BK1EB1FU619660,Porsche,968,NULL,NULL,NULL,NULL,NULL
4T1BK3DB7AU132257,Kia,Rondo,NULL,NULL,NULL,NULL,NULL
4T1BK3DBXAU369213,Chevrolet,Cavalier,NULL,NULL,NULL,NULL,NULL
4USBU33508L223116,Mercury,"Grand Marquis",NULL,NULL,NULL,NULL,NULL
4USBU33558L960439,Mercury,Mountaineer,NULL,NULL,NULL,NULL,NULL
4USCN33412L473206,Pontiac,LeMans,NULL,NULL,NULL,NULL,NULL
4USCN33472L268523,Ferrari,"612 Scaglietti",NULL,NULL,NULL,NULL,NULL
5FNYF3H20AB221352,Chrysler,Prowler,7813130.00,800198,2022-10-05,700198,7046637.218400
5FNYF3H44FB639163,Audi,Q7,9878569.00,800199,2024-03-21,700199,9590563.960000
5FRYD3H46EB647560,Toyota,Prius,NULL,NULL,NULL,NULL,NULL
5FRYD3H48GB172402,Mazda,MX-6,2133996.00,800200,2022-08-12,700200,2924632.678000
5FRYD3H69EB485733,Plymouth,"Grand Voyager",NULL,NULL,NULL,NULL,NULL
5FRYD3H95GB352450,Volkswagen,Passat,NULL,NULL,NULL,NULL,NULL
5FRYD4H67FB162725,Suzuki,XL-7,2320206.00,800201,2023-06-14,700201,469849.806400
5FRYD4H6XGB549819,Nissan,Maxima,1075380.33,800202,2022-12-23,700202,5205374.000000
5GADT13S952457138,Studebaker,Avanti,NULL,NULL,NULL,NULL,NULL
5GADV23W87D438509,Volvo,C70,NULL,NULL,NULL,NULL,NULL
5GAER13708J558304,Ford,"F-Series Super Duty",NULL,NULL,NULL,NULL,NULL
5GAER13D49J593435,Saab,900,NULL,NULL,NULL,NULL,NULL
5GAEV13D19J383628,Dodge,"Grand Caravan",NULL,NULL,NULL,NULL,NULL
5GAKRBED1CJ215313,Pontiac,GTO,NULL,NULL,NULL,NULL,NULL
5GAKRCKD5EJ416242,Pontiac,"Grand Am",NULL,NULL,NULL,NULL,NULL
5GAKRDKD1DJ540884,Mazda,Protege,7778676.00,800203,2024-03-24,700203,2092307.320000
5GAKVCED7CJ737297,Buick,Estate,5321374.00,800204,2024-11-13,700204,10950600.440000
5GALVAED0AJ576667,Chevrolet,"Express 3500",9763435.00,800205,2022-12-12,700205,8255312.133800
5J6TF1H55DL670160,Mitsubishi,Mirage,6821795.72,800206,2024-02-14,700206,3620709.643200
5J6TF2H54EL172149,BMW,"3 Series",NULL,NULL,NULL,NULL,NULL
5J6TF2H55DL167282,Lexus,GS,NULL,NULL,NULL,NULL,NULL
5J6TF2H55DL704250,Mazda,"Miata MX-5",NULL,NULL,NULL,NULL,NULL
5J6TF2H58FL993885,Pontiac,Bonneville,NULL,NULL,NULL,NULL,NULL
5J8TB18288A201719,Pontiac,"Grand Prix",8013290.85,800207,2023-05-29,700207,6637911.332000
5J8TB18547A036289,Mercedes-Benz,M-Class,NULL,NULL,NULL,NULL,NULL
5J8TB1H51CA643955,Dodge,Durango,NULL,NULL,NULL,NULL,NULL
5J8TB3H33GL334315,Mitsubishi,"Montero Sport",7655368.70,800208,2023-08-19,700208,899676.637600
5J8TB3H3XEL560929,Mitsubishi,Galant,NULL,NULL,NULL,NULL,NULL
5LMJJ2H51DE111459,Acura,MDX,NULL,NULL,NULL,NULL,NULL
5LMJJ2H56CE707276,Cadillac,DeVille,NULL,NULL,NULL,NULL,NULL
5N1AA0NC4AN455082,Mercury,Mountaineer,7767286.39,800209,2023-09-26,700209,4222690.840000
5N1AA0NC5CN415127,Lexus,IS,NULL,NULL,NULL,NULL,NULL
5N1AA0ND6FN478489,Pontiac,GTO,NULL,NULL,NULL,NULL,NULL
5N1AA0NEXFN090996,Dodge,"Ram 1500",3069852.18,800210,2023-06-01,700210,4072261.523200
5N1AN0NU8BC843913,Lincoln,"Navigator L",549197.76,800211,2024-08-27,700211,1598408.094400
5N1AR1NB3BC494782,Nissan,Quest,NULL,NULL,NULL,NULL,NULL
5N1AR2MM0DC274253,BMW,X5,552367.01,800212,2025-01-17,700212,6540688.668800
5N1AR2MM4EC085798,Mazda,B-Series,9375620.00,800213,2024-03-21,700213,383743.183200
5N1AT2ML0FC720218,Buick,Lucerne,NULL,NULL,NULL,NULL,NULL
5N1AT2ML2EC508998,Mazda,RX-8,NULL,NULL,NULL,NULL,NULL
5N1AT2ML5FC459989,Volkswagen,Scirocco,NULL,NULL,NULL,NULL,NULL
5N1AT2ML6FC006075,Audi,A6,NULL,NULL,NULL,NULL,NULL
5N1AT2ML7EC943886,Maserati,Biturbo,NULL,NULL,NULL,NULL,NULL
5N1AZ2MH1FN547341,Hyundai,Elantra,NULL,NULL,NULL,NULL,NULL
5N1BA0NC2FN751004,Mazda,Protege,NULL,NULL,NULL,NULL,NULL
5N1BA0NC7FN770664,Ford,GT,9532895.00,800214,2023-04-06,700214,11744082.340000
5N1BA0NCXFN426715,Oldsmobile,LSS,NULL,NULL,NULL,NULL,NULL
5N1BA0NE2FN239454,Mercedes-Benz,S-Class,9885133.00,800215,2022-10-28,700215,10623459.880000
5N1CR2MMXEC644313,Hummer,H1,3866700.76,800216,2022-10-01,700216,3242216.721800
5NPDH4AE3BH883142,Oldsmobile,Regency,NULL,NULL,NULL,NULL,NULL
5NPE24AF4FH112192,Volkswagen,Golf,NULL,NULL,NULL,NULL,NULL
5NPEB4AC8CH866634,Ford,F150,NULL,NULL,NULL,NULL,NULL
5TDBCRFH1FS298887,Acura,RL,NULL,NULL,NULL,NULL,NULL
5TDBW5G15BS812218,Bentley,"Continental GTC",8417952.00,800217,2023-09-20,700217,5264944.367400
5TDBY5G10ES777814,Saturn,Relay,6748483.00,800218,2024-01-31,700218,5870221.271200
5TDDCRFH9FS424633,Dodge,"Grand Caravan",7505391.00,800219,2024-04-25,700219,8811186.800000
5TDDK3DC3CS862874,"Land Rover","Range Rover Sport",3981978.44,800220,2022-10-01,700220,9785956.960000
5TDDK3DC5DS703940,Toyota,Camry,NULL,NULL,NULL,NULL,NULL
5TDDK3DCXBS594940,MINI,Cooper,NULL,NULL,NULL,NULL,NULL
5TFAW5F11EX037248,GMC,"Suburban 1500",NULL,NULL,NULL,NULL,NULL
5TFAW5F18FX312115,Volkswagen,rio,7512986.00,800221,2024-05-08,700221,2211832.480000
5UMCN93462L114888,Cadillac,DTS,3407766.06,800222,2023-10-26,700222,4558093.373600
5UXFA135X4L356141,GMC,"Sierra 1500",2005627.00,800223,2024-05-13,700223,5121704.296800
5UXFA53573L424692,Honda,Insight,NULL,NULL,NULL,NULL,NULL
5UXFA93536L705481,Audi,TT,NULL,NULL,NULL,NULL,NULL
5UXFB53525L975676,Mercury,"Grand Marquis",9190403.00,800224,2024-02-08,700224,1589570.382400
5UXFE43599L176114,Chevrolet,Silverado,NULL,NULL,NULL,NULL,NULL
5UXFE4C5XAL964646,Acura,Legend,2038287.93,800225,2024-03-04,700225,8825428.320800
5UXFE83508L419749,Suzuki,Forenza,NULL,NULL,NULL,NULL,NULL
5UXFE8C57AL554281,Plymouth,"Colt Vista",5111739.25,800226,2024-06-19,700226,6295163.680000
5UXFG2C51DL715882,GMC,"1500 Club Coupe",5065647.00,800227,2023-03-06,700227,9125032.800000
5UXFG8C51BL167768,Pontiac,"Grand Prix",NULL,NULL,NULL,NULL,NULL
5UXWX7C56E0327420,Jeep,Cherokee,813939.34,800228,2022-11-01,700228,5536911.879200
5UXWX9C59E0242857,Mercedes-Benz,600SEL,3285076.63,800229,2024-12-07,700229,8913108.940000
5UXZW0C53CL218397,Ford,F150,NULL,NULL,NULL,NULL,NULL
5UXZW0C5XCL107345,Lamborghini,Gallardo,899123.42,800230,2024-06-18,700230,5016594.960000
5XYKT3A67EG671235,Toyota,Yaris,NULL,NULL,NULL,NULL,NULL
5XYKT3A67FG552134,Pontiac,Firebird,NULL,NULL,NULL,NULL,NULL
5XYZG3AB4BG806165,Ford,Focus,5401364.32,800231,2024-07-07,700231,7501725.685600
5YMGY0C55AL457005,Chrysler,300M,NULL,NULL,NULL,NULL,NULL
5YMGY0C5XBL339825,Ford,"Explorer Sport Trac",9789985.00,800232,2023-11-01,700232,6098299.521600
5YMGZ0C54E0628752,Suzuki,Esteem,NULL,NULL,NULL,NULL,NULL
5YMKT6C58F0420017,Isuzu,Trooper,8309424.80,800233,2023-05-15,700233,10110794.720000
JA32U2FU0EU662923,Dodge,Omni,2966526.30,800234,2024-08-29,700234,8681047.107200
JA32X8HW2AU877237,Mitsubishi,Galant,NULL,NULL,NULL,NULL,NULL
JA4AD2A32EZ279865,Dodge,Intrepid,6537965.47,800235,2023-04-04,700235,7445818.600000
JA4AP3AU2BZ448381,Bentley,Continental,NULL,NULL,NULL,NULL,NULL
JA4AP3AU6CZ291830,Audi,"4000CS Quattro",286511.62,800236,2022-07-11,700236,4212727.283000
JH4CU2E82EC686803,Isuzu,Stylus,6203352.00,800237,2023-08-24,700237,7374092.960000
JH4CU2F65DC462968,BMW,745,NULL,NULL,NULL,NULL,NULL
JH4CW2H51DC084890,Mercedes-Benz,400E,9497598.00,800238,2024-04-16,700238,4853220.817000
JH4DC23171S533055,Jaguar,X-Type,7803310.06,800239,2024-07-08,700239,2784663.440000
JH4DC43691S894343,Dodge,"Grand Caravan",NULL,NULL,NULL,NULL,NULL
JH4DC54852C670519,GMC,"Savana 2500",3112962.00,800240,2023-04-04,700240,4489142.109600
JH4DC54873S642535,Pontiac,Sunfire,NULL,NULL,NULL,NULL,NULL
JH4DC54893C008198,Pontiac,Firebird,2457794.16,800241,2024-09-09,700241,7324275.319200
JH4KB16557C841654,GMC,"2500 Club Coupe",1301768.08,800242,2022-08-17,700242,8664278.215800
JH4KB16648C541498,Chevrolet,Aveo,NULL,NULL,NULL,NULL,NULL
JH4KC1F78EC384754,Mazda,RX-8,231838.84,800243,2023-10-17,700243,11140847.240000
JH4NA12693T113974,Ford,Edge,NULL,NULL,NULL,NULL,NULL
JH4NA21614T627715,Ford,Aspire,9302211.00,800244,2023-04-08,700244,8460639.200000
JHMFA3F29BS815563,Scion,tC,NULL,NULL,NULL,NULL,NULL
JHMGE8G3XDC930747,Buick,Skyhawk,NULL,NULL,NULL,NULL,NULL
JHMZE2H34DS250496,Buick,LeSabre,NULL,NULL,NULL,NULL,NULL
JHMZE2H39BS480161,Ford,Thunderbird,8796304.00,800245,2024-09-14,700245,929811.105000
JHMZE2H55DS835637,Dodge,Dakota,1530738.00,800246,2024-10-15,700246,7806755.840000
JHMZE2H56DS133326,Chevrolet,Corvette,1083823.88,800247,2024-06-13,700247,3433061.372000
JHMZF1C60CS018825,Lamborghini,Murciélago,NULL,NULL,NULL,NULL,NULL
JHMZF1C67CS191399,Hyundai,Sonata,9398081.00,800248,2023-06-01,700248,8360289.120000
JM1DE1HY5B0081406,Ford,E-Series,5271814.72,800249,2022-12-27,700249,11536405.400000
JM1DE1HY9B0828571,Volvo,XC90,1325123.58,800250,2023-09-30,700250,2609267.204200
JM1DE1KY2C0880635,Lexus,LS,NULL,NULL,NULL,NULL,NULL
JM1NC2EF1A0609895,Nissan,Altima,NULL,NULL,NULL,NULL,NULL
JM1NC2JF1E0886185,Cadillac,DeVille,4281126.00,800251,2023-05-24,700251,6746291.340000
JM1NC2JF3F0374834,Lexus,GS,3679812.30,800252,2024-10-03,700252,10347472.720000
JM1NC2JF6B0150807,Toyota,Tundra,673466.95,800253,2024-07-31,700253,10017960.160000
JM1NC2LF2E0871398,Bentley,"Continental Super",NULL,NULL,NULL,NULL,NULL
JM1NC2LF5F0827929,Chevrolet,S10,NULL,NULL,NULL,NULL,NULL
JM1NC2PF9F0554861,Chevrolet,Corvette,NULL,NULL,NULL,NULL,NULL
JM1NC2PFXF0892852,Pontiac,Firebird,8116617.00,800254,2024-06-30,700254,3573578.496800
JM3TB2BA1E0850906,Oldsmobile,Silhouette,5277199.01,800255,2024-11-04,700255,1051318.694400
JN1AJ0HP7BM077532,Porsche,944,NULL,NULL,NULL,NULL,NULL
JN1AV7AR7FM259942,Honda,Accord,NULL,NULL,NULL,NULL,NULL
JN1AZ4EH6BM720255,Saturn,VUE,NULL,NULL,NULL,NULL,NULL
JN1AZ4EH7DM369584,Buick,Regal,NULL,NULL,NULL,NULL,NULL
JN1AZ4EHXCM513742,Chevrolet,1500,3676929.00,800256,2024-03-05,700256,6815172.936000
JN1BJ0HP0FM501451,Volkswagen,Scirocco,8015619.00,800257,2024-02-04,700257,7234820.798400
JN1BJ0HP9DM689111,Chevrolet,HHR,NULL,NULL,NULL,NULL,NULL
JN1BJ0HR4EM546263,Mercedes-Benz,SL-Class,1590823.94,800258,2023-08-22,700258,10280530.080000
JN1BY1AP9EM180679,Buick,Reatta,7330721.67,800259,2022-07-23,700259,4552808.249600
JN1BY1AR5EM097056,Jeep,"Grand Cherokee",2197574.23,800260,2024-12-06,700260,8070628.790000
JN1CV6AP6BM618497,Toyota,Sequoia,3219150.00,800261,2022-07-17,700261,5720611.720000
JN1CV6AP9AM414081,Porsche,"Carrera GT",NULL,NULL,NULL,NULL,NULL
JN1CV6EK0FM873621,Dodge,Durango,6589584.00,800262,2023-06-30,700262,3608192.431600
JN1CV6EK6DM097864,Chevrolet,Citation,7819957.38,800263,2023-11-07,700263,3106079.459400
JN1CV6EK7BM718591,Lexus,IS,6952208.00,800264,2023-03-09,700264,4651353.200000
JN1CV6EKXDM488287,Lincoln,"Continental Mark VII",NULL,NULL,NULL,NULL,NULL
JN1CV6FE2CM267550,Kia,Optima,NULL,NULL,NULL,NULL,NULL
JN1CV6FEXDM156536,Saturn,Outlook,NULL,NULL,NULL,NULL,NULL
JN8AE2KP1D9354143,Volkswagen,GTI,8786571.00,800265,2022-12-12,700265,10056084.480000
JN8AE2KP2D9947025,Dodge,Challenger,7787306.51,800266,2024-10-27,700266,6287653.080000
JN8AE2KP8D9497932,Mitsubishi,Lancer,NULL,NULL,NULL,NULL,NULL
JN8AE2KP9D9424794,Mercedes-Benz,400E,NULL,NULL,NULL,NULL,NULL
JN8AF5MR2ET974775,Buick,Somerset,2299373.56,800267,2023-09-08,700267,7490871.440000
JN8AF5MR9DT106240,Honda,Civic,NULL,NULL,NULL,NULL,NULL
JN8AF5MV3FT056337,Kia,Rio,7609121.00,800268,2022-10-05,700268,1005039.141600
JN8AS5MT0BW769666,Jaguar,S-Type,NULL,NULL,NULL,NULL,NULL
JN8AS5MT0CW541863,Nissan,Pathfinder,6164526.00,800269,2024-02-17,700269,9349965.393200
JN8AS5MT5BW439926,Honda,CR-X,5732866.00,800270,2023-07-08,700270,2392725.524600
JN8AS5MT8AW702098,Mercury,Topaz,6395761.79,800271,2023-07-09,700271,11170359.040000
JN8AZ1MU6AW679482,Nissan,Frontier,NULL,NULL,NULL,NULL,NULL
JN8AZ1MU7CW641200,Lotus,Evora,8969622.00,800272,2023-05-02,700272,3213286.960000
JN8AZ1MU7CW985285,Lincoln,"Continental Mark VII",NULL,NULL,NULL,NULL,NULL
JN8AZ2KR3DT301694,Subaru,Impreza,5130438.20,800273,2022-10-20,700273,6051825.520000
JN8AZ2KR7AT284894,GMC,Yukon,NULL,NULL,NULL,NULL,NULL
JN8AZ2KR8DT549925,Lincoln,"Navigator L",NULL,NULL,NULL,NULL,NULL
JN8AZ2KR9AT324635,Buick,Skylark,4727323.00,800274,2023-11-22,700274,9656033.920000
JN8AZ2NC9D9928128,Ford,F250,NULL,NULL,NULL,NULL,NULL
JN8CS1MW3FM974900,Nissan,Murano,NULL,NULL,NULL,NULL,NULL
JTDBT4K39B1888419,Spyker,"C8 Spyder Wide Body",NULL,NULL,NULL,NULL,NULL
JTDJTUD31ED997615,"Land Rover",Defender,9078198.00,800275,2024-04-07,700275,8707121.614600
JTDJTUD3XED459933,Chevrolet,"Sportvan G20",1940383.97,800276,2024-05-17,700276,7923381.128000
JTDKDTB30C1082395,Mercedes-Benz,W201,NULL,NULL,NULL,NULL,NULL
JTDKDTB36F1973795,Lexus,RX,121291.69,800277,2022-11-15,700277,4895568.420000
JTDKDTB38D1464577,Audi,S4,NULL,NULL,NULL,NULL,NULL
JTDKN3DP9C3270124,Toyota,RAV4,5522482.00,800278,2024-07-22,700278,5971345.120000
JTDKN3DU9B0471673,Acura,CL,200685.64,800279,2022-12-26,700279,1934604.318400
JTDKTUD31DD673695,Hyundai,Excel,5839688.25,800280,2023-03-16,700280,3053478.480000
JTDKTUD34DD401173,Mercedes-Benz,Sprinter,NULL,NULL,NULL,NULL,NULL
JTDZN3EU8D3697377,Lincoln,MKX,NULL,NULL,NULL,NULL,NULL
JTEBC3EH7B2398942,Cadillac,"Escalade EXT",4091073.85,800281,2025-01-27,700281,7420457.148000
JTEBU4BFXCK811668,Kia,Sportage,5245851.00,800282,2022-12-25,700282,5243844.320000
JTEBU5JR1D5178737,Mazda,626,NULL,NULL,NULL,NULL,NULL
JTEBU5JR4E5724674,Nissan,Maxima,2607948.40,800283,2024-10-21,700283,5004755.600000
JTEBU5JR5D5814771,Cadillac,DeVille,9935570.00,800284,2022-08-25,700284,812245.886400
JTEBU5JR9A5647682,Honda,Pilot,NULL,NULL,NULL,NULL,NULL
JTHBB1BA8B2995079,Jeep,"Grand Cherokee",NULL,NULL,NULL,NULL,NULL
JTHBL5EF0F1441378,Chrysler,Crossfire,NULL,NULL,NULL,NULL,NULL
JTHDU1EF5B5811726,Hummer,H3,NULL,NULL,NULL,NULL,NULL
JTHFE2C2XB2620445,Mitsubishi,Galant,382255.44,800285,2022-11-06,700285,5726176.140000
JTHHE5BC2F5277462,Ford,E250,NULL,NULL,NULL,NULL,NULL
JTHKD5BH2D2731101,GMC,Sonoma,5435267.16,800286,2022-11-19,700286,6627680.109600
JTJBM7FX5A5317462,Chevrolet,"Suburban 1500",NULL,NULL,NULL,NULL,NULL
JTJBM7FX6A5093196,Scion,iQ,NULL,NULL,NULL,NULL,NULL
JTJHY7AX3F4915455,Suzuki,Forenza,NULL,NULL,NULL,NULL,NULL
JTMHY7AJ7E4951159,Infiniti,M,NULL,NULL,NULL,NULL,NULL
KM8JT3AB0BU423472,Chevrolet,Prizm,NULL,NULL,NULL,NULL,NULL
KM8NU4CC7AU777059,Mazda,Familia,NULL,NULL,NULL,NULL,NULL
KMHCT4AE3EU378878,Isuzu,Ascender,NULL,NULL,NULL,NULL,NULL
KMHCT4AE5EU533009,Toyota,Corolla,NULL,NULL,NULL,NULL,NULL
KMHCT4AE5FU865727,Ford,"Explorer Sport Trac",4757760.00,800287,2023-12-19,700287,1379524.452800
KMHD35LH2FU501525,Chevrolet,"Silverado 1500",4624500.72,800288,2024-08-21,700288,6110315.120000
KMHEC4A40DA857355,Ford,Fusion,4235206.98,800289,2022-09-11,700289,3007583.280000
KMHGH4JH6DU232065,Audi,V8,NULL,NULL,NULL,NULL,NULL
KMHGN4JE8FU124340,Ford,Taurus,NULL,NULL,NULL,NULL,NULL
KMHHT6KD6CU250249,Ford,Freestyle,NULL,NULL,NULL,NULL,NULL
KMHHT6KJ0FU336571,Lexus,SC,7905389.00,800290,2024-11-13,700290,8104358.028000
KMHHT6KJXFU851254,Porsche,928,NULL,NULL,NULL,NULL,NULL
KMHHU6KJ3FU980885,Ford,"Club Wagon",NULL,NULL,NULL,NULL,NULL
KMHHU6KJ4FU071148,Mitsubishi,GTO,4711400.67,800291,2024-11-22,700291,8321870.460800
KMHTC6AD2EU291766,Nissan,Murano,6718495.79,800292,2024-06-29,700292,7950303.179000
KNADH5A33A6145898,Chevrolet,Tracker,NULL,NULL,NULL,NULL,NULL
KNADH5A34A6504076,Mitsubishi,Eclipse,2508504.32,800293,2023-02-26,700293,6033394.417200
KNADM4A36D6462178,Volvo,V70,NULL,NULL,NULL,NULL,NULL
KNAFT4A20B5790038,Mercedes-Benz,300TE,4836656.38,800294,2023-09-21,700294,6430708.960000
KNAFT4A27D5359747,Ford,GT500,NULL,NULL,NULL,NULL,NULL
KNAFU5A2XC5491001,Toyota,Corolla,NULL,NULL,NULL,NULL,NULL
KNAFU6A22A5211591,"Aston Martin",DB9,1229723.77,800295,2024-03-31,700295,1989935.916800
KNAGM4AD8F5783279,Subaru,"B9 Tribeca",8187152.71,800296,2023-12-10,700296,9315970.560000
KNALU4D47F6851253,Saab,9000,NULL,NULL,NULL,NULL,NULL
KNDJN2A27F7948168,Mitsubishi,Challenger,6776792.00,800297,2025-01-23,700297,6362508.620000
KNDJT2A59C7353981,Ford,Explorer,NULL,NULL,NULL,NULL,NULL
KNDKG3A28A7688862,Buick,"Park Avenue",NULL,NULL,NULL,NULL,NULL
KNDMB5C18F6305748,Isuzu,Ascender,NULL,NULL,NULL,NULL,NULL
NM0KS7AN2AT885403,Chevrolet,Express,NULL,NULL,NULL,NULL,NULL
NM0KS9AN4AT130605,Subaru,Forester,NULL,NULL,NULL,NULL,NULL
NM0KS9BN6CT947222,Volkswagen,Jetta,1651084.03,800298,2022-12-12,700298,6365539.100000
SAJWA0FB1BL879060,Cadillac,"Escalade EXT",NULL,NULL,NULL,NULL,NULL
SAJWA1CB9CL166919,Toyota,Tundra,2782768.00,800299,2022-07-12,700299,9698651.040000
SAJWA2GZXE8390977,GMC,Envoy,NULL,NULL,NULL,NULL,NULL
SAJWA4FC3EM447729,Plymouth,Colt,NULL,NULL,NULL,NULL,NULL
SALAB2D48AA472975,Audi,A6,1534252.36,800300,2024-03-30,700300,10581768.820000
SALAB2D49AA442979,Ford,Tempo,NULL,NULL,NULL,NULL,NULL
SALAB2D4XCA606131,Chrysler,Pacifica,6710604.37,800301,2023-10-03,700301,1426860.174400
SALAC2D49AA984242,Ford,Expedition,NULL,NULL,NULL,NULL,NULL
SALAF2D43AA789776,Mercury,"Grand Marquis",NULL,NULL,NULL,NULL,NULL
SALAK2V67FA697086,Nissan,GT-R,NULL,NULL,NULL,NULL,NULL
SALCP2BGXFH587499,GMC,"Yukon XL 2500",NULL,NULL,NULL,NULL,NULL
SALGR2VF5EA364969,"Land Rover","Defender 90",7413064.34,800302,2022-08-09,700302,4588603.094400
SALME1D48AA417568,Buick,Riviera,1601227.24,800303,2023-07-12,700303,5276135.404800
SALSF2D47CA087130,Shelby,GT500,NULL,NULL,NULL,NULL,NULL
SALSF2D49CA630834,Mazda,"Miata MX-5",359966.97,800304,2023-05-08,700304,2998472.897400
SALVP2BG8EH970087,Toyota,Prius,NULL,NULL,NULL,NULL,NULL
SCBBB7ZH6BC912530,Suzuki,SJ,6925732.00,NULL,NULL,NULL,NULL
SCBBR9ZA0DC321591,Chevrolet,Blazer,3337714.41,NULL,NULL,NULL,NULL
SCBCR73W69C050850,Dodge,Ram,NULL,NULL,NULL,NULL,NULL
SCBCU8ZA5AC709327,Hyundai,Tiburon,NULL,NULL,NULL,NULL,NULL
SCBGU3ZA5FC695036,Dodge,"D150 Club",9811561.00,NULL,NULL,NULL,NULL
SCBGU3ZA7EC845601,Ram,2500,NULL,NULL,NULL,NULL,NULL
SCBLC37F25C294557,Saab,9000,6333094.91,NULL,NULL,NULL,NULL
SCBLC37F54C966531,GMC,Yukon,8941686.00,NULL,NULL,NULL,NULL
SCBLF44JX9C766659,Dodge,"Ram 1500",9569411.00,NULL,NULL,NULL,NULL
SCBZU25E51C549045,Honda,"del Sol",4204576.30,NULL,NULL,NULL,NULL
SCFAB01E19G780458,Mazda,MX-3,NULL,NULL,NULL,NULL,NULL
SCFAB01E29G474269,Ford,Ranger,NULL,NULL,NULL,NULL,NULL
SCFAB05D49G734320,Lotus,"Esprit Turbo",8138074.10,NULL,NULL,NULL,NULL
SCFAD01A85G194003,BMW,Z8,NULL,NULL,NULL,NULL,NULL
SCFAD02A86G506272,Lexus,GS,4655359.00,NULL,NULL,NULL,NULL
SCFAD22363K525229,BMW,"3 Series",3114589.14,NULL,NULL,NULL,NULL
SCFBF03BX7G578064,Mercury,Mountaineer,8001200.48,NULL,NULL,NULL,NULL
SCFBF04B77G720546,Maybach,57,9805402.00,NULL,NULL,NULL,NULL
SCFEBBBC7AG330408,"Land Rover",Discovery,NULL,NULL,NULL,NULL,NULL
SCFEBBBK7DG301728,Pontiac,GTO,NULL,NULL,NULL,NULL,NULL
SCFEBBCF5CG701948,Honda,Civic,6336736.74,NULL,NULL,NULL,NULL
SCFEFBBC8AG819551,Bentley,"Continental GT",7391307.28,NULL,NULL,NULL,NULL
SCFFBCBD2AG572445,Ford,Courier,8996678.00,NULL,NULL,NULL,NULL
SCFFDAAE7BG989120,Mitsubishi,Pajero,8302496.19,NULL,NULL,NULL,NULL
SCFFDAAEXCG679688,Jaguar,"XJ Series",5499328.00,NULL,NULL,NULL,NULL
SCFFDCCD1AG601202,Pontiac,Sunbird,8649333.00,NULL,NULL,NULL,NULL
SCFFDECN5CG652807,Audi,A6,NULL,NULL,NULL,NULL,NULL
SCFHDDAJ0AA246906,BMW,530,8746837.00,NULL,NULL,NULL,NULL
TRUB3AFK4C1750472,Chevrolet,Venture,4577121.83,NULL,NULL,NULL,NULL
TRURD38J881152825,MINI,Clubman,6757036.62,NULL,NULL,NULL,NULL
TRUUT28N011977774,Mitsubishi,Galant,7920138.53,NULL,NULL,NULL,NULL
TRUUT28N421450628,Audi,Allroad,9687696.00,NULL,NULL,NULL,NULL
TRUVD38J791029324,Toyota,Cressida,NULL,NULL,NULL,NULL,NULL
TRUWX28N721737796,Mitsubishi,Pajero,5239134.77,NULL,NULL,NULL,NULL
VNKJTUD36FA976916,Audi,TT,NULL,NULL,NULL,NULL,NULL
VNKJTUD39FA016666,Mazda,"Miata MX-5",4279647.26,NULL,NULL,NULL,NULL
W06VR54R11R978412,Chevrolet,Aveo,8867950.00,NULL,NULL,NULL,NULL
W06VR54R81R329304,BMW,760,NULL,NULL,NULL,NULL,NULL
WA19FAFL2DA040975,Acura,SLX,1353309.00,NULL,NULL,NULL,NULL
WA1AGAFE7CD888715,Mazda,Familia,1627714.95,NULL,NULL,NULL,NULL
WA1AV74L79D344797,GMC,"Vandura 2500",NULL,NULL,NULL,NULL,NULL
WA1BV74L08D502206,Suzuki,Sidekick,8907275.00,NULL,NULL,NULL,NULL
WA1BY74LX9D514341,Chevrolet,Camaro,NULL,NULL,NULL,NULL,NULL
WA1CFAFP2CA054317,Suzuki,Equator,669949.39,NULL,NULL,NULL,NULL
WA1CGAFE4BD940552,Dodge,Ram,9879300.00,NULL,NULL,NULL,NULL
WA1CKAFP3AA737569,Nissan,Sentra,5506938.22,NULL,NULL,NULL,NULL
WA1CKBFP2AA964483,Hyundai,Azera,NULL,NULL,NULL,NULL,NULL
WA1DGAFE1BD264243,Honda,Accord,322909.45,NULL,NULL,NULL,NULL
WA1DGAFE2CD836339,Chevrolet,Beretta,NULL,NULL,NULL,NULL,NULL
WA1EY74L97D057113,Kia,Sedona,592367.66,NULL,NULL,NULL,NULL
WA1LFAFP0BA906565,Buick,Skylark,NULL,NULL,NULL,NULL,NULL
WA1LFBFP5CA749641,Pontiac,Firebird,NULL,NULL,NULL,NULL,NULL
WA1LGAFE1CD371340,Mazda,MX-5,3206918.49,NULL,NULL,NULL,NULL
WA1LGBFE1DD537735,GMC,"Sierra 3500",NULL,NULL,NULL,NULL,NULL
WA1LGBFE2FD656994,Chevrolet,"Express 2500",NULL,NULL,NULL,NULL,NULL
WA1LMAFE3FD021267,Isuzu,Amigo,8952277.00,NULL,NULL,NULL,NULL
WA1VFBFL5DA860617,Chevrolet,Camaro,8841257.00,NULL,NULL,NULL,NULL
WA1VGBFP7EA096707,Mercedes-Benz,SLK-Class,NULL,NULL,NULL,NULL,NULL
WA1VMAFE3ED162735,Pontiac,6000,NULL,NULL,NULL,NULL,NULL
WA1VMBFP4EA590421,Chevrolet,Cavalier,4500293.11,NULL,NULL,NULL,NULL
WA1WGAFP1DA823207,Subaru,Impreza,3756721.00,NULL,NULL,NULL,NULL
WA1WGAFP9EA953995,Toyota,TundraMax,NULL,NULL,NULL,NULL,NULL
WA1WGBFPXEA230498,Mercury,Topaz,4658238.00,NULL,NULL,NULL,NULL
WA1WYAFE2AD335115,Infiniti,QX,NULL,NULL,NULL,NULL,NULL
WA1YD54B85N967556,Buick,Roadmaster,4656772.00,NULL,NULL,NULL,NULL
WAU2GAFC7DN771895,Hyundai,Elantra,2900878.00,NULL,NULL,NULL,NULL
WAU3GAFD0FN736308,Porsche,Cayenne,6080061.00,NULL,NULL,NULL,NULL
WAU3GBFC9DN874035,Ford,Focus,2971002.37,NULL,NULL,NULL,NULL
WAU4FAFR3AA846305,Honda,Accord,6726011.94,NULL,NULL,NULL,NULL
WAUAF78E28A790724,Kia,Sorento,3633300.42,NULL,NULL,NULL,NULL
WAUAF78E35A601946,Lincoln,"Mark VIII",6587047.43,NULL,NULL,NULL,NULL
WAUAFAFHXDN375888,Lotus,Elise,NULL,NULL,NULL,NULL,NULL
WAUAFAFL1DN730080,Pontiac,"Grand Prix",1917642.50,NULL,NULL,NULL,NULL
WAUAH94F57N458031,Chevrolet,Corvette,NULL,NULL,NULL,NULL,NULL
WAUBG78E66A880442,Ford,"Explorer Sport",197228.04,NULL,NULL,NULL,NULL
WAUBH78EX6A731061,Hyundai,Veracruz,NULL,NULL,NULL,NULL,NULL
WAUBNBFB1AN339768,Geo,Metro,5777659.00,NULL,NULL,NULL,NULL
WAUBNBFB1AN766786,Infiniti,FX,9718615.00,NULL,NULL,NULL,NULL
WAUBT48H85K832311,Cadillac,Escalade,7759492.00,NULL,NULL,NULL,NULL
WAUCFAFH9FN334003,Buick,LeSabre,4214864.99,NULL,NULL,NULL,NULL
WAUCVAFR7CA673244,Ford,GT500,NULL,NULL,NULL,NULL,NULL
WAUDF48H28K394941,Jaguar,XK,2117051.82,NULL,NULL,NULL,NULL
WAUDF58E15A441812,Acura,NSX,NULL,NULL,NULL,NULL,NULL
WAUDF78E16A492465,Saturn,Aura,3089528.00,NULL,NULL,NULL,NULL
WAUDF78E45A725821,Buick,LeSabre,NULL,NULL,NULL,NULL,NULL
WAUDF78E78A088413,Nissan,Cube,1154548.71,NULL,NULL,NULL,NULL
WAUDF98E28A676411,Toyota,Sienna,3331565.11,NULL,NULL,NULL,NULL
WAUDF98EX6A675780,Kia,Sportage,NULL,NULL,NULL,NULL,NULL
WAUDFAFL3CN093270,Ford,Probe,3545612.44,NULL,NULL,NULL,NULL
WAUDFAFL6BN591171,"Land Rover",Discovery,6236170.00,NULL,NULL,NULL,NULL
WAUDFAFL8EN085538,Oldsmobile,88,NULL,NULL,NULL,NULL,NULL
WAUDFBFC4CN986490,Chevrolet,Cavalier,5948892.00,NULL,NULL,NULL,NULL
WAUDG58E35A253824,Kia,Optima,6225377.66,NULL,NULL,NULL,NULL
WAUDG68E45A372827,Pontiac,G8,5532748.09,NULL,NULL,NULL,NULL
WAUDH78E46A255317,Volkswagen,Passat,NULL,NULL,NULL,NULL,NULL
WAUDH78E58A934421,Chevrolet,Express,NULL,NULL,NULL,NULL,NULL
WAUDH78EX8A902886,Ford,F-Series,NULL,NULL,NULL,NULL,NULL
WAUDL94F96N369895,Volvo,S90,9924936.00,NULL,NULL,NULL,NULL
WAUDN74F28N739991,Suzuki,XL-7,NULL,NULL,NULL,NULL,NULL
WAUDV94F59N212248,Audi,5000S,NULL,NULL,NULL,NULL,NULL
WAUEF98E08A346917,Dodge,"Ram 1500",7877143.00,NULL,NULL,NULL,NULL
WAUEF98E58A254802,Bentley,Continental,6270824.36,NULL,NULL,NULL,NULL
WAUEFAFL3DA075204,Oldsmobile,"Cutlass Supreme",310421.40,NULL,NULL,NULL,NULL
WAUEFAFL7DA023140,GMC,"Savana 2500",NULL,NULL,NULL,NULL,NULL
WAUEFAFLXFN892908,Chevrolet,"Monte Carlo",NULL,NULL,NULL,NULL,NULL
WAUEFBFL2CN415956,Ford,Fusion,1745739.45,NULL,NULL,NULL,NULL
WAUEFBFL3BN784565,Chevrolet,"Express 3500",NULL,NULL,NULL,NULL,NULL
WAUEH64B31N509837,Chevrolet,Astro,NULL,NULL,NULL,NULL,NULL
WAUEH74F47N363370,Chrysler,Cirrus,NULL,NULL,NULL,NULL,NULL
WAUEH78E46A006634,Chevrolet,Cavalier,NULL,NULL,NULL,NULL,NULL
WAUEH78E47A360591,BMW,745,NULL,NULL,NULL,NULL,NULL
WAUEH98E76A478418,Studebaker,Avanti,1887407.26,NULL,NULL,NULL,NULL
WAUEKBFB7BN326028,Infiniti,G,3975409.48,NULL,NULL,NULL,NULL
WAUFEBFM4BA497405,Suzuki,Aerio,2531702.00,NULL,NULL,NULL,NULL
WAUFEBFM6BA606544,Mitsubishi,Galant,NULL,NULL,NULL,NULL,NULL
WAUFFAFC4DN457125,BMW,"7 Series",7827157.62,NULL,NULL,NULL,NULL
WAUFGAFC2EN672467,Toyota,Corolla,9887160.00,NULL,NULL,NULL,NULL
WAUFGAFC3FN081288,BMW,X5,5045836.59,NULL,NULL,NULL,NULL
WAUFGBFC0DN937004,Maybach,Landaulet,NULL,NULL,NULL,NULL,NULL
WAUGL78E98A287792,Hyundai,Entourage,NULL,NULL,NULL,NULL,NULL
WAUHE98P79A916107,Chrysler,Concorde,5264416.17,NULL,NULL,NULL,NULL
WAUHF78P68A585889,Bugatti,Veyron,NULL,NULL,NULL,NULL,NULL
WAUHF78P78A244484,Chevrolet,APV,1008310.50,NULL,NULL,NULL,NULL
WAUHF78P79A919476,Volvo,850,NULL,NULL,NULL,NULL,NULL
WAUHF98P08A225495,Nissan,300ZX,NULL,NULL,NULL,NULL,NULL
WAUHF98P49A956111,Ford,E350,NULL,NULL,NULL,NULL,NULL
WAUHF98P69A807652,Lincoln,Navigator,NULL,NULL,NULL,NULL,NULL
WAUHFBFL8DN204453,Dodge,Durango,2405939.44,NULL,NULL,NULL,NULL
WAUHGBFCXCN694096,Bentley,Continental,NULL,NULL,NULL,NULL,NULL
WAUJC58E62A199378,Chevrolet,Monza,2671714.76,NULL,NULL,NULL,NULL
WAUJC68E32A283941,Jaguar,S-Type,NULL,NULL,NULL,NULL,NULL
WAUJC68E52A518131,Kia,Rondo,NULL,NULL,NULL,NULL,NULL
WAUJC68EX3A732369,Honda,Element,NULL,NULL,NULL,NULL,NULL
WAUJGAFD1FN849935,Chevrolet,"Silverado 3500",4001659.00,NULL,NULL,NULL,NULL
WAUKF68E05A370969,GMC,Sonoma,NULL,NULL,NULL,NULL,NULL
WAUKF78P09A375635,Mitsubishi,Mirage,NULL,NULL,NULL,NULL,NULL
WAUKFAFL7BA099019,Bentley,Azure,5379298.00,NULL,NULL,NULL,NULL
WAUKFBFL0BA717965,Pontiac,"Grand Prix",NULL,NULL,NULL,NULL,NULL
WAUKH78E97A323488,Volkswagen,"New Beetle",NULL,NULL,NULL,NULL,NULL
WAULC58E04A353854,BMW,X5,NULL,NULL,NULL,NULL,NULL
WAULC58E35A826034,Oldsmobile,Bravada,NULL,NULL,NULL,NULL,NULL
WAULC58E93A521473,Suzuki,X-90,NULL,NULL,NULL,NULL,NULL
WAULC68E95A875535,Volvo,S80,4270609.60,NULL,NULL,NULL,NULL
WAULFAFH4EN256356,Buick,Coachbuilder,4315592.00,NULL,NULL,NULL,NULL
WAULFAFH9BN745640,Volkswagen,"Jetta III",NULL,NULL,NULL,NULL,NULL
WAULT58E32A001266,Ford,Ranger,NULL,NULL,NULL,NULL,NULL
WAULT64B42N116579,Panoz,Esperante,NULL,NULL,NULL,NULL,NULL
WAULT68E03A534408,Ford,"Econoline E350",1466303.23,NULL,NULL,NULL,NULL
WAULV94E69N012353,Toyota,MR2,NULL,NULL,NULL,NULL,NULL
WAUMF98K09A051836,Infiniti,M,2976305.00,NULL,NULL,NULL,NULL
WAUMFAFH7FN619142,GMC,Sonoma,8824715.00,NULL,NULL,NULL,NULL
WAUMFAFL1AA066444,Audi,A6,NULL,NULL,NULL,NULL,NULL
WAUMFAFR3FA595809,Hyundai,Veracruz,NULL,NULL,NULL,NULL,NULL
WAUML44E84N017267,Mazda,"Miata MX-5",NULL,NULL,NULL,NULL,NULL
WAUML54B33N152585,Audi,A5,2712570.66,NULL,NULL,NULL,NULL
WAUMR44E17N841470,Ford,"Econoline E250",NULL,NULL,NULL,NULL,NULL
WAUMV94E29N758268,Mitsubishi,Tredia,NULL,NULL,NULL,NULL,NULL
WAUNE78P58A918900,"Land Rover","Defender 110",NULL,NULL,NULL,NULL,NULL
WAUNE78P88A699592,GMC,"Savana 2500",6201004.86,NULL,NULL,NULL,NULL
WAUNF68P06A415988,Mitsubishi,Pajero,1038396.21,NULL,NULL,NULL,NULL
WAUNF78P06A890966,Mazda,RX-7,NULL,NULL,NULL,NULL,NULL
WAUNF78P48A234241,Volkswagen,"Type 2",5625555.53,NULL,NULL,NULL,NULL
WAUNF78P68A105319,Ford,Taurus,NULL,NULL,NULL,NULL,NULL
WAUR2AFD6DN209945,Ford,"Crown Victoria",3577369.60,NULL,NULL,NULL,NULL
WAURMAFD2EN556622,Mitsubishi,Lancer,NULL,NULL,NULL,NULL,NULL
WAURVAFD2CN547249,Mazda,RX-8,NULL,NULL,NULL,NULL,NULL
WAUSF98E08A638649,Subaru,Legacy,NULL,NULL,NULL,NULL,NULL
WAUSGCFC8CN283761,Mitsubishi,"Mighty Max",5039438.25,NULL,NULL,NULL,NULL
WAUSH78E56A793662,Bentley,Brooklands,NULL,NULL,NULL,NULL,NULL
WAUSH78E68A703292,Pontiac,"Grand Prix",NULL,NULL,NULL,NULL,NULL
WAUSH94F67N404497,Toyota,Tundra,NULL,NULL,NULL,NULL,NULL
WAUUFAFH0BN179551,Chevrolet,S10,NULL,NULL,NULL,NULL,NULL
WAUUFAFH7DN340433,Nissan,GT-R,NULL,NULL,NULL,NULL,NULL
WAUUFAFH9DN985293,Lexus,ES,NULL,NULL,NULL,NULL,NULL
WAUUL68E95A840918,Suzuki,Verona,NULL,NULL,NULL,NULL,NULL
WAUUL78E35A304844,Ford,Mustang,6135501.32,NULL,NULL,NULL,NULL
WAUUL78E45A959367,Mazda,"Miata MX-5",NULL,NULL,NULL,NULL,NULL
WAUUL98E06A172865,Ford,E-Series,706458.03,NULL,NULL,NULL,NULL
WAUUL98E66A279838,Volvo,S60,NULL,NULL,NULL,NULL,NULL
WAUUL98EX7A775517,Mitsubishi,3000GT,7469013.00,NULL,NULL,NULL,NULL
WAUVC68E04A468226,Ram,1500,NULL,NULL,NULL,NULL,NULL
WAUVFAFR7CA336904,Ford,"Explorer Sport Trac",NULL,NULL,NULL,NULL,NULL
WAUVT54B04N059156,GMC,Sonoma,NULL,NULL,NULL,NULL,NULL
WAUVT64B73N732660,Saturn,S-Series,3496317.00,NULL,NULL,NULL,NULL
WAUVVAFR3CA961433,Acura,RDX,NULL,NULL,NULL,NULL,NULL
WAUWFAFH7EN619598,BMW,X3,NULL,NULL,NULL,NULL,NULL
WAUWFBFL0CA590265,Mitsubishi,Chariot,NULL,NULL,NULL,NULL,NULL
WAUWGAFB3AN244621,"Land Rover","Range Rover",9783362.00,NULL,NULL,NULL,NULL
WAUWGBFC3EN540887,Nissan,240SX,9527408.00,NULL,NULL,NULL,NULL
WAUXD68D81A115550,Subaru,Forester,7028354.38,NULL,NULL,NULL,NULL
WAUXG74F09N936604,Oldsmobile,Aurora,NULL,NULL,NULL,NULL,NULL
WAUXG94F99N995906,Acura,MDX,2681103.69,NULL,NULL,NULL,NULL
WAUXL58E24A462625,Acura,TL,5943565.22,NULL,NULL,NULL,NULL
WAUXL58E55A579648,Mercedes-Benz,E-Class,2168508.00,NULL,NULL,NULL,NULL
WAUYGAFC7CN145823,Mitsubishi,"Montero Sport",1559376.02,NULL,NULL,NULL,NULL
WBA1F5C51EV340854,"Aston Martin",Vantage,5032292.00,NULL,NULL,NULL,NULL
WBA3A5C5XFF555877,Jeep,Liberty,NULL,NULL,NULL,NULL,NULL
WBA3A5G52DN195095,Mazda,Familia,NULL,NULL,NULL,NULL,NULL
WBA3A5G53CN584861,BMW,X5,NULL,NULL,NULL,NULL,NULL
WBA3A5G57FN159096,Chevrolet,"Sportvan G10",NULL,NULL,NULL,NULL,NULL
WBA3A9C57EK889331,Acura,RL,4864020.00,NULL,NULL,NULL,NULL
WBA3A9G55DN535685,Lincoln,Aviator,9152762.00,NULL,NULL,NULL,NULL
WBA3B5C5XDF387331,Lincoln,"Town Car",6339164.17,NULL,NULL,NULL,NULL
WBA3B5G56EN059874,Mazda,Familia,NULL,NULL,NULL,NULL,NULL
WBA3C3C53DF622220,GMC,"Yukon XL 1500",2832247.43,NULL,NULL,NULL,NULL
WBA3C3C58DF731501,Mercury,Sable,1534171.41,NULL,NULL,NULL,NULL
WBA3N7C53FK654435,Jaguar,XF,NULL,NULL,NULL,NULL,NULL
WBA3R5C56EK638737,GMC,Jimmy,7473203.44,NULL,NULL,NULL,NULL
WBA3R5C57FK052436,Audi,"4000CS Quattro",NULL,NULL,NULL,NULL,NULL
WBA3T1C55FP519401,Volkswagen,Touareg,1932481.06,NULL,NULL,NULL,NULL
WBA3T1C56EP741847,Volvo,C70,NULL,NULL,NULL,NULL,NULL
WBA5A7C54FD377528,Mercedes-Benz,S-Class,NULL,NULL,NULL,NULL,NULL
WBA5B1C5XFG765520,Toyota,"T100 Xtra",345762.42,NULL,NULL,NULL,NULL
WBAAV53401J796789,Maserati,Spyder,NULL,NULL,NULL,NULL,NULL
WBAAV53411F279679,Lamborghini,Diablo,NULL,NULL,NULL,NULL,NULL
WBABD53446P240061,Infiniti,FX,NULL,NULL,NULL,NULL,NULL
WBABS53483E568869,Porsche,911,NULL,NULL,NULL,NULL,NULL
WBABV13485J690562,GMC,"Savana 1500",NULL,NULL,NULL,NULL,NULL
WBABW53474P086680,Lexus,LFA,142778.51,NULL,NULL,NULL,NULL
WBADW7C58BE572369,Hummer,H1,NULL,NULL,NULL,NULL,NULL
WBADX7C58DE285663,Pontiac,Firebird,NULL,NULL,NULL,NULL,NULL
WBAEP33422P332935,GMC,"Yukon XL 1500",NULL,NULL,NULL,NULL,NULL
WBAET37425N455043,Ferrari,"599 GTB Fiorano",NULL,NULL,NULL,NULL,NULL
WBAEV33463K838532,Pontiac,G6,NULL,NULL,NULL,NULL,NULL
WBAEW53453P852773,Mitsubishi,Eclipse,797330.11,NULL,NULL,NULL,NULL
WBAFR7C52BC880889,Isuzu,Trooper,3755907.22,NULL,NULL,NULL,NULL
WBAFU7C51CD562501,Audi,TT,NULL,NULL,NULL,NULL,NULL
WBAFU9C58CD285597,Subaru,Baja,NULL,NULL,NULL,NULL,NULL
WBAGH03491D897493,Lincoln,"Mark VIII",NULL,NULL,NULL,NULL,NULL
WBAGL63535D237465,Volkswagen,"New Beetle",NULL,NULL,NULL,NULL,NULL
WBAGN83545D223953,GMC,"3500 Club Coupe",3162294.00,NULL,NULL,NULL,NULL
WBAHN03507D553081,Volkswagen,"Type 2",6933630.00,NULL,NULL,NULL,NULL
WBAHN03586D421507,BMW,M3,NULL,NULL,NULL,NULL,NULL
WBAHN83528D908011,Volvo,S90,NULL,NULL,NULL,NULL,NULL
WBAKB0C5XCC496516,Chrysler,Prowler,NULL,NULL,NULL,NULL,NULL
WBAKB4C54CC430552,Toyota,4Runner,NULL,NULL,NULL,NULL,NULL
WBAKB83579C667391,Volkswagen,Golf,9704110.00,NULL,NULL,NULL,NULL
WBAKE3C5XDE841588,Chrysler,300M,NULL,NULL,NULL,NULL,NULL
WBAKF3C53CE629322,Ford,E350,305051.50,NULL,NULL,NULL,NULL
WBAKF3C59CE816726,Chevrolet,Corvette,4572422.00,NULL,NULL,NULL,NULL
WBAKG7C55DE985616,Cadillac,Eldorado,4388600.00,NULL,NULL,NULL,NULL
WBAKP9C52FD856849,Porsche,928,NULL,NULL,NULL,NULL,NULL
WBALL5C53CE587629,Lexus,ES,NULL,NULL,NULL,NULL,NULL
WBALM7C56AE029425,Bentley,Mulsanne,NULL,NULL,NULL,NULL,NULL
WBALW7C59CC891966,Hyundai,Tiburon,NULL,NULL,NULL,NULL,NULL
WBANB33515C221294,Oldsmobile,88,6981182.00,NULL,NULL,NULL,NULL
WBANE53506B232913,Subaru,Legacy,6102605.56,NULL,NULL,NULL,NULL
WBANE53517B969913,Mazda,GLC,NULL,NULL,NULL,NULL,NULL
WBANE73576B730201,Volvo,S40,2418671.95,NULL,NULL,NULL,NULL
WBANF33537B949437,Hyundai,"Santa Fe",7199402.00,NULL,NULL,NULL,NULL
WBANV1C57AC440430,Ford,Mustang,2644733.00,NULL,NULL,NULL,NULL
WBAPH5G52AN960525,"Alfa Romeo",Spider,1073834.07,NULL,NULL,NULL,NULL
WBAPK5C53BF784877,Acura,TL,NULL,NULL,NULL,NULL,NULL
WBAPL3C5XAA930611,Eagle,Talon,342951.91,NULL,NULL,NULL,NULL
WBAPN7C50BF512967,Mercedes-Benz,SLK-Class,8216242.00,NULL,NULL,NULL,NULL
WBASN2C56BC022676,Dodge,Neon,4131903.18,NULL,NULL,NULL,NULL
WBAUN7C5XCV668718,BMW,M3,630247.23,NULL,NULL,NULL,NULL
WBAUT9C59AA104046,Ford,Escort,7093435.46,NULL,NULL,NULL,NULL
WBAVA33547P651108,Acura,Legend,3318788.62,NULL,NULL,NULL,NULL
WBAVB13506K945828,Saab,9-5,4011221.00,NULL,NULL,NULL,NULL
WBAVB73587V582830,Chevrolet,"Express 1500",3016635.32,NULL,NULL,NULL,NULL
WBAVC53598A203179,Toyota,Celica,NULL,NULL,NULL,NULL,NULL
WBAVC535X7F823945,MINI,Cooper,7262522.20,NULL,NULL,NULL,NULL
WBAVM1C51EV769346,Hyundai,Accent,1714416.52,NULL,NULL,NULL,NULL
WBAVM5C55DV091349,Mercedes-Benz,E-Class,NULL,NULL,NULL,NULL,NULL
WBAWB3C59AP772970,Ford,Aspire,3536773.79,NULL,NULL,NULL,NULL
WBAWV53529P437709,Bentley,Brooklands,1669002.89,NULL,NULL,NULL,NULL
WBAXA5C58ED902828,Ford,Thunderbird,9773226.00,NULL,NULL,NULL,NULL
WBAXH5C56DD552450,Ford,Focus,NULL,NULL,NULL,NULL,NULL
WBAYA6C52FD433280,Audi,TT,NULL,NULL,NULL,NULL,NULL
WBAYA8C57FG916502,GMC,"Savana 2500",NULL,NULL,NULL,NULL,NULL
WBAYB6C54FD046808,Dodge,Charger,NULL,NULL,NULL,NULL,NULL
WBAYE4C51DD949698,Subaru,Impreza,NULL,NULL,NULL,NULL,NULL
WBAYE4C57FD107323,Dodge,Stratus,NULL,NULL,NULL,NULL,NULL
WBAYF4C52FD227737,Chevrolet,"Sportvan G10",NULL,NULL,NULL,NULL,NULL
WBAYM1C57ED290755,Dodge,Caravan,NULL,NULL,NULL,NULL,NULL
WBS3U9C50FJ719208,GMC,"2500 Club Coupe",3605789.56,NULL,NULL,NULL,NULL
WBSBR93416P380945,Chevrolet,Equinox,NULL,NULL,NULL,NULL,NULL
WBSBR93422P862592,Austin,"Mini Cooper",3437486.67,NULL,NULL,NULL,NULL
WBXPC934X9W895230,Toyota,Venza,8127745.19,NULL,NULL,NULL,NULL
WDDGF4HB3DG539564,Rolls-Royce,Phantom,8670641.00,NULL,NULL,NULL,NULL
WDDGF4HB7DA416160,Corbin,Sparrow,1124369.99,NULL,NULL,NULL,NULL
WDDGF4HBXDR527707,Nissan,Versa,4992749.00,NULL,NULL,NULL,NULL
WDDHF0EB3EA992024,Nissan,Xterra,NULL,NULL,NULL,NULL,NULL
WDDHF0EB5EB603281,Mercedes-Benz,R-Class,NULL,NULL,NULL,NULL,NULL
WDDHF0EB6EB549327,Toyota,"Land Cruiser",NULL,NULL,NULL,NULL,NULL
WDDHF2EB0DA161526,Oldsmobile,Aurora,NULL,NULL,NULL,NULL,NULL
WDDHF5KB4FB184732,Ford,Mustang,NULL,NULL,NULL,NULL,NULL
WDDHF5KB6EA808504,Toyota,Prius,NULL,NULL,NULL,NULL,NULL
WDDHF8JB9DA153076,Mercury,Villager,NULL,NULL,NULL,NULL,NULL
WDDJK6FA8FF178395,Ford,Fusion,NULL,NULL,NULL,NULL,NULL
WDDLJ6FB4FA098870,Toyota,RAV4,NULL,NULL,NULL,NULL,NULL
WDDLJ9BB3FA959642,Volvo,850,1320612.26,NULL,NULL,NULL,NULL
WP0AA2A98CS115044,Ford,Torino,NULL,NULL,NULL,NULL,NULL
WP0AA2A9XES460188,Chevrolet,"Impala SS",NULL,NULL,NULL,NULL,NULL
WP0AB2A88FK002378,Subaru,Impreza,4081716.05,NULL,NULL,NULL,NULL
WP0AB2A92BS390484,Pontiac,Vibe,7740187.00,NULL,NULL,NULL,NULL
WP0AB2A97AS051086,BMW,525,NULL,NULL,NULL,NULL,NULL
WP0AD2A72EL998836,Mercury,Topaz,8867785.00,NULL,NULL,NULL,NULL
WP0CA2A85EK330805,Dodge,Charger,NULL,NULL,NULL,NULL,NULL
WP0CB2A80FS917167,Lexus,SC,NULL,NULL,NULL,NULL,NULL
WP1AA2A22CL646779,Chrysler,LHS,5439794.00,NULL,NULL,NULL,NULL
WP1AA2A2XCL535459,Ford,Taurus,NULL,NULL,NULL,NULL,NULL
WUAAU342X9N492125,BMW,"1 Series",4189418.37,NULL,NULL,NULL,NULL
WUADUAFG9CN830227,Hyundai,Elantra,NULL,NULL,NULL,NULL,NULL
WUALNAFG6EN915053,"Aston Martin","V8 Vantage",NULL,NULL,NULL,NULL,NULL
WUARL48H49K874825,Kia,Rio,8570263.00,NULL,NULL,NULL,NULL
WUATNAFG8EN779752,Honda,Pilot,1426111.70,NULL,NULL,NULL,NULL
WVGAV7AX6AW863891,Mercury,"Grand Marquis",NULL,NULL,NULL,NULL,NULL
WVGAV7AX9AW285513,Mercedes-Benz,SLK-Class,5142473.00,NULL,NULL,NULL,NULL
WVGEF9BP3FD535968,Mitsubishi,Truck,3793285.28,NULL,NULL,NULL,NULL
WVGEF9BP5FD821837,Mercury,Sable,7817783.69,NULL,NULL,NULL,NULL
WVGEF9BPXFD886358,Chevrolet,Camaro,2520162.20,NULL,NULL,NULL,NULL
WVGEP9BP7FD089143,Mercury,"Grand Marquis",1542327.01,NULL,NULL,NULL,NULL
WVGEP9BP9FD838900,Ford,Expedition,7588241.03,NULL,NULL,NULL,NULL
WVWAA7AH6BV778291,Maserati,GranTurismo,8803440.00,NULL,NULL,NULL,NULL
WVWAN7AN8EE448781,Dodge,"Ram Van 3500",NULL,NULL,NULL,NULL,NULL
WVWAN7ANXDE487774,Chevrolet,Beretta,2598231.96,NULL,NULL,NULL,NULL
WVWAP7AN7DE324865,Ford,Ranger,5245595.00,NULL,NULL,NULL,NULL
WVWED7AJ2BW700953,Lexus,SC,900846.49,NULL,NULL,NULL,NULL
WVWED7AJ2DW815555,Dodge,"Ram Van 1500",7239793.40,NULL,NULL,NULL,NULL
WVWED7AJ4BW582355,GMC,"Sierra 3500HD",NULL,NULL,NULL,NULL,NULL
YV126MFJ5F1975542,Ford,Torino,7721364.97,NULL,NULL,NULL,NULL
YV1382MW6A2721231,GMC,"Savana 1500",3491637.00,NULL,NULL,NULL,NULL
YV140MEB0F1165353,Oldsmobile,Alero,NULL,NULL,NULL,NULL,NULL
YV1612FH9D2641071,Dodge,"Ram 3500",4889743.00,NULL,NULL,NULL,NULL
YV1612FHXE2189407,GMC,"Savana 2500",8047463.00,NULL,NULL,NULL,NULL
YV1612FS5E1899140,Toyota,Sienna,NULL,NULL,NULL,NULL,NULL
YV1622FS2C2874670,Mitsubishi,Chariot,NULL,NULL,NULL,NULL,NULL
YV1672MS7B2554246,Ford,Escape,NULL,NULL,NULL,NULL,NULL
YV1902FH8D1035637,Jaguar,S-Type,NULL,NULL,NULL,NULL,NULL
YV1940AS8D1888860,Mercury,"Grand Marquis",NULL,NULL,NULL,NULL,NULL
YV440MBC8F1789546,Mercury,Monterey,4882243.86,NULL,NULL,NULL,NULL
YV440MBK6F1261740,BMW,"7 Series",9124342.00,NULL,NULL,NULL,NULL
YV4612HK3F1455305,Dodge,Caravan,NULL,NULL,NULL,NULL,NULL
YV4902DZ0E2270107,Mercedes-Benz,"SLK55 AMG",NULL,NULL,NULL,NULL,NULL
YV4902NB3F1427900,Hyundai,Elantra,2237096.20,NULL,NULL,NULL,NULL
ZFBCFABH5FZ853053,Honda,"del Sol",5824103.61,NULL,NULL,NULL,NULL
